[{"fields": {"model": "logentry", "app_label": "admin"}, "model": "contenttypes.contenttype", "pk": 1}, {"fields": {"model": "permission", "app_label": "auth"}, "model": "contenttypes.contenttype", "pk": 2}, {"fields": {"model": "group", "app_label": "auth"}, "model": "contenttypes.contenttype", "pk": 3}, {"fields": {"model": "user", "app_label": "auth"}, "model": "contenttypes.contenttype", "pk": 4}, {"fields": {"model": "contenttype", "app_label": "contenttypes"}, "model": "contenttypes.contenttype", "pk": 5}, {"fields": {"model": "session", "app_label": "sessions"}, "model": "contenttypes.contenttype", "pk": 6}, {"fields": {"model": "category", "app_label": "vocabulary_game"}, "model": "contenttypes.contenttype", "pk": 7}, {"fields": {"model": "translation", "app_label": "vocabulary_game"}, "model": "contenttypes.contenttype", "pk": 8}, {"fields": {"model": "phrase", "app_label": "vocabulary_game"}, "model": "contenttypes.contenttype", "pk": 9}, {"fields": {"model": "word", "app_label": "vocabulary_game"}, "model": "contenttypes.contenttype", "pk": 10}, {"fields": {"model": "score", "app_label": "vocabulary_game"}, "model": "contenttypes.contenttype", "pk": 11}, {"fields": {"model": "category", "app_label": "core"}, "model": "contenttypes.contenttype", "pk": 12}, {"fields": {"model": "translation", "app_label": "core"}, "model": "contenttypes.contenttype", "pk": 13}, {"fields": {"model": "phrase", "app_label": "core"}, "model": "contenttypes.contenttype", "pk": 14}, {"fields": {"model": "word", "app_label": "core"}, "model": "contenttypes.contenttype", "pk": 15}, {"fields": {"model": "score", "app_label": "core"}, "model": "contenttypes.contenttype", "pk": 16}, {"fields": {"expire_date": "2016-02-12T18:05:50.336Z", "session_data": "MmYwZWI1ZjkzMzdkNTYwNjU0MjYwYTU3MmNlYmYzOTYyODU0NTBjMjp7Il9hdXRoX3VzZXJfaGFzaCI6IjhlYjVlMDVhZDRmNTU3ZTA4ZTNmNzYyNjBmZmY5YmU5ZmJhM2Y1ZTgiLCJfYXV0aF91c2VyX2JhY2tlbmQiOiJkamFuZ28uY29udHJpYi5hdXRoLmJhY2tlbmRzLk1vZGVsQmFja2VuZCIsIl9hdXRoX3VzZXJfaWQiOiIxIn0="}, "model": "sessions.session", "pk": "6knrhoji77a0br0u2zmfbe9gyy7eq1gx"}, {"fields": {"expire_date": "2017-03-25T17:40:53.675Z", "session_data": "MmYwZWI1ZjkzMzdkNTYwNjU0MjYwYTU3MmNlYmYzOTYyODU0NTBjMjp7Il9hdXRoX3VzZXJfaGFzaCI6IjhlYjVlMDVhZDRmNTU3ZTA4ZTNmNzYyNjBmZmY5YmU5ZmJhM2Y1ZTgiLCJfYXV0aF91c2VyX2JhY2tlbmQiOiJkamFuZ28uY29udHJpYi5hdXRoLmJhY2tlbmRzLk1vZGVsQmFja2VuZCIsIl9hdXRoX3VzZXJfaWQiOiIxIn0="}, "model": "sessions.session", "pk": "7067chz3b9hoag10urh0jzttfgovunjk"}, {"fields": {"expire_date": "2016-12-09T22:08:10.394Z", "session_data": "YWEyMjA5N2IxYTQ3OGUzMTVjNzllMzQ2YWUzNzgyNDRhZGY2MjdmZTp7Il9hdXRoX3VzZXJfaGFzaCI6IjBmZWQ2YTE2OWFlNGUyNjlmYWJkOWYxODMyNDkwYTViYzM4OGM1YTciLCJfYXV0aF91c2VyX2JhY2tlbmQiOiJkamFuZ28uY29udHJpYi5hdXRoLmJhY2tlbmRzLk1vZGVsQmFja2VuZCIsIl9hdXRoX3VzZXJfaWQiOiIyIn0="}, "model": "sessions.session", "pk": "7y2k9e2jw2wmjckuxegnwtajkiu2edgj"}, {"fields": {"expire_date": "2016-04-02T09:56:21.679Z", "session_data": "YWEyMjA5N2IxYTQ3OGUzMTVjNzllMzQ2YWUzNzgyNDRhZGY2MjdmZTp7Il9hdXRoX3VzZXJfaGFzaCI6IjBmZWQ2YTE2OWFlNGUyNjlmYWJkOWYxODMyNDkwYTViYzM4OGM1YTciLCJfYXV0aF91c2VyX2JhY2tlbmQiOiJkamFuZ28uY29udHJpYi5hdXRoLmJhY2tlbmRzLk1vZGVsQmFja2VuZCIsIl9hdXRoX3VzZXJfaWQiOiIyIn0="}, "model": "sessions.session", "pk": "hdnfd7qr80xnpm9aimh8dwmnhrmsvywf"}, {"fields": {"expire_date": "2016-12-09T22:10:25.404Z", "session_data": "YWEyMjA5N2IxYTQ3OGUzMTVjNzllMzQ2YWUzNzgyNDRhZGY2MjdmZTp7Il9hdXRoX3VzZXJfaGFzaCI6IjBmZWQ2YTE2OWFlNGUyNjlmYWJkOWYxODMyNDkwYTViYzM4OGM1YTciLCJfYXV0aF91c2VyX2JhY2tlbmQiOiJkamFuZ28uY29udHJpYi5hdXRoLmJhY2tlbmRzLk1vZGVsQmFja2VuZCIsIl9hdXRoX3VzZXJfaWQiOiIyIn0="}, "model": "sessions.session", "pk": "jamqjl1vn63mmn0brscdhphl4ckebxtl"}, {"fields": {"expire_date": "2017-03-08T17:44:13.368Z", "session_data": "MmYwZWI1ZjkzMzdkNTYwNjU0MjYwYTU3MmNlYmYzOTYyODU0NTBjMjp7Il9hdXRoX3VzZXJfaGFzaCI6IjhlYjVlMDVhZDRmNTU3ZTA4ZTNmNzYyNjBmZmY5YmU5ZmJhM2Y1ZTgiLCJfYXV0aF91c2VyX2JhY2tlbmQiOiJkamFuZ28uY29udHJpYi5hdXRoLmJhY2tlbmRzLk1vZGVsQmFja2VuZCIsIl9hdXRoX3VzZXJfaWQiOiIxIn0="}, "model": "sessions.session", "pk": "ktms6dupeghhnojanrekheuyq71thczq"}, {"fields": {"expire_date": "2016-07-04T19:38:03.484Z", "session_data": "YWEyMjA5N2IxYTQ3OGUzMTVjNzllMzQ2YWUzNzgyNDRhZGY2MjdmZTp7Il9hdXRoX3VzZXJfaGFzaCI6IjBmZWQ2YTE2OWFlNGUyNjlmYWJkOWYxODMyNDkwYTViYzM4OGM1YTciLCJfYXV0aF91c2VyX2JhY2tlbmQiOiJkamFuZ28uY29udHJpYi5hdXRoLmJhY2tlbmRzLk1vZGVsQmFja2VuZCIsIl9hdXRoX3VzZXJfaWQiOiIyIn0="}, "model": "sessions.session", "pk": "n717dwxpd8lkt08k7c1lac3j0m7771d2"}, {"fields": {"expire_date": "2016-02-29T10:44:37.405Z", "session_data": "YWEyMjA5N2IxYTQ3OGUzMTVjNzllMzQ2YWUzNzgyNDRhZGY2MjdmZTp7Il9hdXRoX3VzZXJfaGFzaCI6IjBmZWQ2YTE2OWFlNGUyNjlmYWJkOWYxODMyNDkwYTViYzM4OGM1YTciLCJfYXV0aF91c2VyX2JhY2tlbmQiOiJkamFuZ28uY29udHJpYi5hdXRoLmJhY2tlbmRzLk1vZGVsQmFja2VuZCIsIl9hdXRoX3VzZXJfaWQiOiIyIn0="}, "model": "sessions.session", "pk": "o68oihs6x6zqy8djzek6mplnopxcgl6r"}, {"fields": {"expire_date": "2016-09-13T10:22:03.541Z", "session_data": "MmYwZWI1ZjkzMzdkNTYwNjU0MjYwYTU3MmNlYmYzOTYyODU0NTBjMjp7Il9hdXRoX3VzZXJfaGFzaCI6IjhlYjVlMDVhZDRmNTU3ZTA4ZTNmNzYyNjBmZmY5YmU5ZmJhM2Y1ZTgiLCJfYXV0aF91c2VyX2JhY2tlbmQiOiJkamFuZ28uY29udHJpYi5hdXRoLmJhY2tlbmRzLk1vZGVsQmFja2VuZCIsIl9hdXRoX3VzZXJfaWQiOiIxIn0="}, "model": "sessions.session", "pk": "phj0oqsxvfg4j4ukue5gepjlmv5r1fyk"}, {"fields": {"category": "familia", "language_code": "es"}, "model": "core.category", "pk": 1}, {"fields": {"category": "lengua", "language_code": "es"}, "model": "core.category", "pk": 2}, {"fields": {"category": "fruta", "language_code": "es"}, "model": "core.category", "pk": 3}, {"fields": {"category": "arquitectura", "language_code": "es"}, "model": "core.category", "pk": 4}, {"fields": {"category": "cocina", "language_code": "es"}, "model": "core.category", "pk": 5}, {"fields": {"category": "hogar", "language_code": "es"}, "model": "core.category", "pk": 6}, {"fields": {"definition": "http://dle.rae.es/?w=manzana", "translation": "manzana", "language_code": "es"}, "model": "core.translation", "pk": 1}, {"fields": {"definition": "http://dle.rae.es/?w=manta", "translation": "manta", "language_code": "es"}, "model": "core.translation", "pk": 2}, {"fields": {"definition": "http://dle.rae.es/?w=alfabeto", "translation": "alfabeto", "language_code": "es"}, "model": "core.translation", "pk": 3}, {"fields": {"definition": "http://dle.rae.es/?w=pilar", "translation": "pilar", "language_code": "es"}, "model": "core.translation", "pk": 4}, {"fields": {"definition": "http://dle.rae.es/?w=columna", "translation": "columna", "language_code": "es"}, "model": "core.translation", "pk": 5}, {"fields": {"definition": "http://dle.rae.es/?w=tenedor", "translation": "tenedor", "language_code": "es"}, "model": "core.translation", "pk": 6}, {"fields": {"definition": "", "translation": "casa", "language_code": "es"}, "model": "core.translation", "pk": 8}, {"fields": {"definition": "", "translation": "azul", "language_code": "es"}, "model": "core.translation", "pk": 9}, {"fields": {"definition": "", "translation": "blanco", "language_code": "es"}, "model": "core.translation", "pk": 10}, {"fields": {"definition": "", "translation": "amarillo", "language_code": "es"}, "model": "core.translation", "pk": 11}, {"fields": {"definition": "", "translation": "negro", "language_code": "es"}, "model": "core.translation", "pk": 12}, {"fields": {"definition": "", "translation": "monasterio", "language_code": "es"}, "model": "core.translation", "pk": 13}, {"fields": {"definition": "", "translation": "Buda", "language_code": "es"}, "model": "core.translation", "pk": 14}, {"fields": {"definition": null, "translation": "cortar", "language_code": "es"}, "model": "core.translation", "pk": 46}, {"fields": {"definition": null, "translation": "felicidad", "language_code": "es"}, "model": "core.translation", "pk": 47}, {"fields": {"definition": null, "translation": "ra\u00edz", "language_code": "es"}, "model": "core.translation", "pk": 48}, {"fields": {"definition": null, "translation": "superar", "language_code": "es"}, "model": "core.translation", "pk": 49}, {"fields": {"definition": null, "translation": "consciencia conceptual", "language_code": "es"}, "model": "core.translation", "pk": 50}, {"fields": {"definition": "", "translation": "karma", "language_code": "en"}, "model": "core.translation", "pk": 51}, {"fields": {"definition": null, "translation": "mostrar", "language_code": "es"}, "model": "core.translation", "pk": 52}, {"fields": {"definition": null, "translation": "demostrar", "language_code": "es"}, "model": "core.translation", "pk": 53}, {"fields": {"definition": null, "translation": "dirigir", "language_code": "es"}, "model": "core.translation", "pk": 54}, {"fields": {"definition": null, "translation": "mezclar", "language_code": "es"}, "model": "core.translation", "pk": 55}, {"fields": {"definition": null, "translation": "iluminaci\u00f3n", "language_code": "es"}, "model": "core.translation", "pk": 56}, {"fields": {"definition": null, "translation": "pr\u00e1ctica", "language_code": "es"}, "model": "core.translation", "pk": 57}, {"fields": {"definition": null, "translation": "preparaci\u00f3n", "language_code": "es"}, "model": "core.translation", "pk": 58}, {"fields": {"definition": null, "translation": "delusi\u00f3n", "language_code": "es"}, "model": "core.translation", "pk": 59}, {"fields": {"definition": null, "translation": "examinar", "language_code": "es"}, "model": "core.translation", "pk": 60}, {"fields": {"definition": null, "translation": "safisfecho", "language_code": "es"}, "model": "core.translation", "pk": 61}, {"fields": {"definition": null, "translation": "surgir", "language_code": "es"}, "model": "core.translation", "pk": 62}, {"fields": {"definition": null, "translation": "aferramiento", "language_code": "es"}, "model": "core.translation", "pk": 63}, {"fields": {"definition": null, "translation": "cobarde", "language_code": "es"}, "model": "core.translation", "pk": 64}, {"fields": {"definition": null, "translation": "bueno", "language_code": "es"}, "model": "core.translation", "pk": 65}, {"fields": {"definition": null, "translation": "paciencia", "language_code": "es"}, "model": "core.translation", "pk": 66}, {"fields": {"definition": null, "translation": "radiante", "language_code": "es"}, "model": "core.translation", "pk": 67}, {"fields": {"definition": null, "translation": "conocer", "language_code": "es"}, "model": "core.translation", "pk": 68}, {"fields": {"definition": null, "translation": "aceptado", "language_code": "es"}, "model": "core.translation", "pk": 69}, {"fields": {"definition": null, "translation": "amasar", "language_code": "es"}, "model": "core.translation", "pk": 70}, {"fields": {"definition": null, "translation": "proteger", "language_code": "es"}, "model": "core.translation", "pk": 71}, {"fields": {"definition": null, "translation": "etiquetar", "language_code": "es"}, "model": "core.translation", "pk": 72}, {"fields": {"definition": null, "translation": "concepto", "language_code": "es"}, "model": "core.translation", "pk": 73}, {"fields": {"definition": null, "translation": "naturaleza", "language_code": "es"}, "model": "core.translation", "pk": 74}, {"fields": {"definition": null, "translation": "fen\u00f3meno", "language_code": "es"}, "model": "core.translation", "pk": 75}, {"fields": {"definition": null, "translation": "ignorancia", "language_code": "es"}, "model": "core.translation", "pk": 76}, {"fields": {"definition": null, "translation": "marca", "language_code": "es"}, "model": "core.translation", "pk": 77}, {"fields": {"definition": null, "translation": "grupo", "language_code": "es"}, "model": "core.translation", "pk": 78}, {"fields": {"definition": null, "translation": "darse cuenta", "language_code": "es"}, "model": "core.translation", "pk": 79}, {"fields": {"definition": null, "translation": "entre otro", "language_code": "es"}, "model": "core.translation", "pk": 80}, {"fields": {"definition": null, "translation": "todo", "language_code": "es"}, "model": "core.translation", "pk": 81}, {"fields": {"definition": null, "translation": "lugar", "language_code": "es"}, "model": "core.translation", "pk": 82}, {"fields": {"definition": null, "translation": "compendio", "language_code": "es"}, "model": "core.translation", "pk": 83}, {"fields": {"definition": null, "translation": "existencia c\u00edclica", "language_code": "es"}, "model": "core.translation", "pk": 277}, {"fields": {"definition": null, "translation": "de (origen)", "language_code": "es"}, "model": "core.translation", "pk": 278}, {"fields": {"definition": null, "translation": "puro", "language_code": "es"}, "model": "core.translation", "pk": 279}, {"fields": {"definition": null, "translation": "cerrar", "language_code": "es"}, "model": "core.translation", "pk": 280}, {"fields": {"definition": null, "translation": "saber", "language_code": "es"}, "model": "core.translation", "pk": 281}, {"fields": {"definition": null, "translation": "pueblerino", "language_code": "es"}, "model": "core.translation", "pk": 282}, {"fields": {"definition": null, "translation": "finca", "language_code": "es"}, "model": "core.translation", "pk": 283}, {"fields": {"definition": null, "translation": "funci\u00f3n", "language_code": "es"}, "model": "core.translation", "pk": 284}, {"fields": {"definition": null, "translation": "querer", "language_code": "es"}, "model": "core.translation", "pk": 285}, {"fields": {"definition": null, "translation": "realizar", "language_code": "es"}, "model": "core.translation", "pk": 286}, {"fields": {"definition": null, "translation": "hablar", "language_code": "es"}, "model": "core.translation", "pk": 287}, {"fields": {"definition": null, "translation": "defectos", "language_code": "es"}, "model": "core.translation", "pk": 288}, {"fields": {"definition": null, "translation": "tristeza", "language_code": "es"}, "model": "core.translation", "pk": 289}, {"fields": {"definition": null, "translation": "miedo", "language_code": "es"}, "model": "core.translation", "pk": 290}, {"fields": {"definition": null, "translation": "utilizar", "language_code": "es"}, "model": "core.translation", "pk": 291}, {"fields": {"definition": null, "translation": "perturbado", "language_code": "es"}, "model": "core.translation", "pk": 292}, {"fields": {"definition": "", "translation": "transformar", "language_code": "es"}, "model": "core.translation", "pk": 293}, {"fields": {"definition": null, "translation": "Dharma", "language_code": "es"}, "model": "core.translation", "pk": 294}, {"fields": {"definition": null, "translation": "aniquilar", "language_code": "es"}, "model": "core.translation", "pk": 295}, {"fields": {"definition": null, "translation": "virtud", "language_code": "es"}, "model": "core.translation", "pk": 296}, {"fields": {"definition": null, "translation": "origen", "language_code": "es"}, "model": "core.translation", "pk": 297}, {"fields": {"definition": null, "translation": "destruir", "language_code": "es"}, "model": "core.translation", "pk": 298}, {"fields": {"definition": null, "translation": "imputaci\u00f3n ", "language_code": "es"}, "model": "core.translation", "pk": 299}, {"fields": {"definition": null, "translation": "acci\u00f3n", "language_code": "es"}, "model": "core.translation", "pk": 300}, {"fields": {"definition": null, "translation": "ense\u00f1ar un objeto", "language_code": "es"}, "model": "core.translation", "pk": 301}, {"fields": {"definition": null, "translation": "ense\u00f1ar ", "language_code": "es"}, "model": "core.translation", "pk": 302}, {"fields": {"definition": null, "translation": "dibujar", "language_code": "es"}, "model": "core.translation", "pk": 303}, {"fields": {"definition": null, "translation": "unir", "language_code": "es"}, "model": "core.translation", "pk": 304}, {"fields": {"definition": null, "translation": "luz", "language_code": "es"}, "model": "core.translation", "pk": 305}, {"fields": {"definition": null, "translation": "manera de actuar", "language_code": "es"}, "model": "core.translation", "pk": 306}, {"fields": {"definition": null, "translation": "esfuerzo", "language_code": "es"}, "model": "core.translation", "pk": 307}, {"fields": {"definition": null, "translation": "confusi\u00f3n", "language_code": "es"}, "model": "core.translation", "pk": 308}, {"fields": {"definition": null, "translation": "investigar", "language_code": "es"}, "model": "core.translation", "pk": 309}, {"fields": {"definition": null, "translation": "contento", "language_code": "es"}, "model": "core.translation", "pk": 310}, {"fields": {"definition": null, "translation": "producirse", "language_code": "es"}, "model": "core.translation", "pk": 311}, {"fields": {"definition": null, "translation": "apego", "language_code": "es"}, "model": "core.translation", "pk": 312}, {"fields": {"definition": null, "translation": "t\u00edmido", "language_code": "es"}, "model": "core.translation", "pk": 313}, {"fields": {"definition": "", "translation": "saber un tema", "language_code": "es"}, "model": "core.translation", "pk": 314}, {"fields": {"definition": null, "translation": "ocurrido", "language_code": "es"}, "model": "core.translation", "pk": 315}, {"fields": {"definition": null, "translation": "reunir", "language_code": "es"}, "model": "core.translation", "pk": 316}, {"fields": {"definition": null, "translation": "cuidar", "language_code": "es"}, "model": "core.translation", "pk": 317}, {"fields": {"definition": null, "translation": "imaginar", "language_code": "es"}, "model": "core.translation", "pk": 318}, {"fields": {"definition": null, "translation": "definici\u00f3n", "language_code": "es"}, "model": "core.translation", "pk": 319}, {"fields": {"definition": null, "translation": "obtener realizaci\u00f3n", "language_code": "es"}, "model": "core.translation", "pk": 320}, {"fields": {"definition": null, "translation": "sitio", "language_code": "es"}, "model": "core.translation", "pk": 322}, {"fields": {"definition": null, "translation": "sumario", "language_code": "es"}, "model": "core.translation", "pk": 323}, {"fields": {"definition": null, "translation": "samsara", "language_code": "es"}, "model": "core.translation", "pk": 507}, {"fields": {"definition": null, "translation": "por", "language_code": "es"}, "model": "core.translation", "pk": 508}, {"fields": {"definition": null, "translation": "inmaculado", "language_code": "es"}, "model": "core.translation", "pk": 509}, {"fields": {"definition": null, "translation": "todo aquello que esta permeado por el espacio", "language_code": "es"}, "model": "core.translation", "pk": 510}, {"fields": {"definition": null, "translation": "atrapar", "language_code": "es"}, "model": "core.translation", "pk": 511}, {"fields": {"definition": null, "translation": "campesino", "language_code": "es"}, "model": "core.translation", "pk": 512}, {"fields": {"definition": null, "translation": "campo", "language_code": "es"}, "model": "core.translation", "pk": 513}, {"fields": {"definition": null, "translation": "significado", "language_code": "es"}, "model": "core.translation", "pk": 514}, {"fields": {"definition": null, "translation": "coraz\u00f3n", "language_code": "es"}, "model": "core.translation", "pk": 515}, {"fields": {"definition": null, "translation": "gustar", "language_code": "es"}, "model": "core.translation", "pk": 516}, {"fields": {"definition": null, "translation": "excelente", "language_code": "es"}, "model": "core.translation", "pk": 517}, {"fields": {"definition": null, "translation": "sonido", "language_code": "es"}, "model": "core.translation", "pk": 518}, {"fields": {"definition": null, "translation": "ir", "language_code": "es"}, "model": "core.translation", "pk": 519}, {"fields": {"definition": null, "translation": "cinco", "language_code": "es"}, "model": "core.translation", "pk": 520}, {"fields": {"definition": null, "translation": "causa", "language_code": "es"}, "model": "core.translation", "pk": 521}, {"fields": {"definition": null, "translation": "hacer", "language_code": "es"}, "model": "core.translation", "pk": 522}, {"fields": {"definition": null, "translation": "expresar", "language_code": "es"}, "model": "core.translation", "pk": 523}, {"fields": {"definition": null, "translation": "enga\u00f1os", "language_code": "es"}, "model": "core.translation", "pk": 524}, {"fields": {"definition": null, "translation": "nacer", "language_code": "es"}, "model": "core.translation", "pk": 525}, {"fields": {"definition": null, "translation": "terror", "language_code": "es"}, "model": "core.translation", "pk": 527}, {"fields": {"definition": null, "translation": "usar", "language_code": "es"}, "model": "core.translation", "pk": 528}, {"fields": {"definition": null, "translation": "agitado", "language_code": "es"}, "model": "core.translation", "pk": 529}, {"fields": {"definition": null, "translation": "cambiar", "language_code": "es"}, "model": "core.translation", "pk": 530}, {"fields": {"definition": null, "translation": "aterrorizado", "language_code": "es"}, "model": "core.translation", "pk": 531}, {"fields": {"definition": null, "translation": "ense\u00f1anzas del Buda", "language_code": "es"}, "model": "core.translation", "pk": 532}, {"fields": {"definition": null, "translation": "rueda del samsara", "language_code": "es"}, "model": "core.translation", "pk": 662}, {"fields": {"definition": null, "translation": "sin mancha", "language_code": "es"}, "model": "core.translation", "pk": 663}, {"fields": {"definition": null, "translation": "envolver", "language_code": "es"}, "model": "core.translation", "pk": 664}, {"fields": {"definition": null, "translation": "persona que vive en el campo", "language_code": "es"}, "model": "core.translation", "pk": 665}, {"fields": {"definition": null, "translation": "terreno de un campesino", "language_code": "es"}, "model": "core.translation", "pk": 666}, {"fields": {"definition": null, "translation": "decir", "language_code": "es"}, "model": "core.translation", "pk": 668}, {"fields": {"definition": null, "translation": "emociones aflictivas", "language_code": "es"}, "model": "core.translation", "pk": 669}, {"fields": {"definition": null, "translation": "alarmado", "language_code": "es"}, "model": "core.translation", "pk": 670}, {"fields": {"definition": null, "translation": "mente agitada", "language_code": "es"}, "model": "core.translation", "pk": 671}, {"fields": {"definition": null, "translation": "traducir", "language_code": "es"}, "model": "core.translation", "pk": 672}, {"fields": {"definition": null, "translation": "eliminar", "language_code": "es"}, "model": "core.translation", "pk": 673}, {"fields": {"definition": null, "translation": "acciones virtuosas", "language_code": "es"}, "model": "core.translation", "pk": 674}, {"fields": {"definition": null, "translation": "etiqueta", "language_code": "es"}, "model": "core.translation", "pk": 675}, {"fields": {"definition": null, "translation": "ley de causa y efecto", "language_code": "es"}, "model": "core.translation", "pk": 676}, {"fields": {"definition": null, "translation": "inducir", "language_code": "es"}, "model": "core.translation", "pk": 677}, {"fields": {"definition": null, "translation": "compartir", "language_code": "es"}, "model": "core.translation", "pk": 678}, {"fields": {"definition": null, "translation": "apariencia", "language_code": "es"}, "model": "core.translation", "pk": 679}, {"fields": {"definition": null, "translation": "manera de ser", "language_code": "es"}, "model": "core.translation", "pk": 680}, {"fields": {"definition": null, "translation": "aplicar", "language_code": "es"}, "model": "core.translation", "pk": 681}, {"fields": {"definition": null, "translation": "pensar", "language_code": "es"}, "model": "core.translation", "pk": 682}, {"fields": {"definition": null, "translation": "generar", "language_code": "es"}, "model": "core.translation", "pk": 683}, {"fields": {"definition": null, "translation": "flojedad", "language_code": "es"}, "model": "core.translation", "pk": 684}, {"fields": {"definition": null, "translation": "pasado", "language_code": "es"}, "model": "core.translation", "pk": 685}, {"fields": {"definition": null, "translation": "recolectar", "language_code": "es"}, "model": "core.translation", "pk": 686}, {"fields": {"definition": null, "translation": "mantener", "language_code": "es"}, "model": "core.translation", "pk": 687}, {"fields": {"definition": null, "translation": "imputar", "language_code": "es"}, "model": "core.translation", "pk": 688}, {"fields": {"definition": null, "translation": "caracter\u00edstica", "language_code": "es"}, "model": "core.translation", "pk": 689}, {"fields": {"definition": null, "translation": "colecci\u00f3n", "language_code": "es"}, "model": "core.translation", "pk": 690}, {"fields": {"definition": null, "translation": "quitando", "language_code": "es"}, "model": "core.translation", "pk": 691}, {"fields": {"definition": null, "translation": "resumen", "language_code": "es"}, "model": "core.translation", "pk": 692}, {"fields": {"definition": null, "translation": "disminuci\u00f3n", "language_code": "es"}, "model": "core.translation", "pk": 693}, {"fields": {"definition": null, "translation": "comenzando desde/a", "language_code": "es"}, "model": "core.translation", "pk": 694}, {"fields": {"definition": null, "translation": "afianzarse en", "language_code": "es"}, "model": "core.translation", "pk": 695}, {"fields": {"definition": null, "translation": "acerca de", "language_code": "es"}, "model": "core.translation", "pk": 696}, {"fields": {"definition": null, "translation": "sobre", "language_code": "es"}, "model": "core.translation", "pk": 697}, {"fields": {"definition": null, "translation": "relevante para", "language_code": "es"}, "model": "core.translation", "pk": 698}, {"fields": {"definition": null, "translation": "empezando desde", "language_code": "es"}, "model": "core.translation", "pk": 699}, {"fields": {"definition": null, "translation": "tener ocurrido la idea", "language_code": "es"}, "model": "core.translation", "pk": 700}, {"fields": {"definition": null, "translation": "estimulada por", "language_code": "es"}, "model": "core.translation", "pk": 701}, {"fields": {"definition": null, "translation": "inicialmente", "language_code": "es"}, "model": "core.translation", "pk": 702}, {"fields": {"definition": null, "translation": "fundado en", "language_code": "es"}, "model": "core.translation", "pk": 703}, {"fields": {"definition": null, "translation": "siguiente en", "language_code": "es"}, "model": "core.translation", "pk": 704}, {"fields": {"definition": null, "translation": "si tomo en cuenta", "language_code": "es"}, "model": "core.translation", "pk": 705}, {"fields": {"definition": null, "translation": "rodear", "language_code": "es"}, "model": "core.translation", "pk": 719}, {"fields": {"definition": null, "translation": "p\u00e1nico", "language_code": "es"}, "model": "core.translation", "pk": 720}, {"fields": {"definition": null, "translation": "conceptuaci\u00f3n", "language_code": "es"}, "model": "core.translation", "pk": 721}, {"fields": {"definition": null, "translation": "conectar", "language_code": "es"}, "model": "core.translation", "pk": 722}, {"fields": {"definition": null, "translation": "car\u00e1cter", "language_code": "es"}, "model": "core.translation", "pk": 723}, {"fields": {"definition": null, "translation": "des\u00e1nimo", "language_code": "es"}, "model": "core.translation", "pk": 724}, {"fields": {"definition": null, "translation": "procedido", "language_code": "es"}, "model": "core.translation", "pk": 725}, {"fields": {"definition": null, "translation": "preservar", "language_code": "es"}, "model": "core.translation", "pk": 726}, {"fields": {"definition": null, "translation": "atributo", "language_code": "es"}, "model": "core.translation", "pk": 727}, {"fields": {"definition": null, "translation": "conjunto", "language_code": "es"}, "model": "core.translation", "pk": 728}, {"fields": {"definition": "", "translation": "existence", "language_code": "en"}, "model": "core.translation", "pk": 1931}, {"fields": {"definition": null, "translation": "from", "language_code": "en"}, "model": "core.translation", "pk": 1932}, {"fields": {"definition": null, "translation": "inmaculated", "language_code": "en"}, "model": "core.translation", "pk": 1933}, {"fields": {"definition": null, "translation": "all", "language_code": "en"}, "model": "core.translation", "pk": 1934}, {"fields": {"definition": null, "translation": "close", "language_code": "en"}, "model": "core.translation", "pk": 1935}, {"fields": {"definition": null, "translation": "know", "language_code": "en"}, "model": "core.translation", "pk": 1936}, {"fields": {"definition": null, "translation": "farmer", "language_code": "en"}, "model": "core.translation", "pk": 1937}, {"fields": {"definition": null, "translation": "field", "language_code": "en"}, "model": "core.translation", "pk": 1938}, {"fields": {"definition": null, "translation": "meaning", "language_code": "en"}, "model": "core.translation", "pk": 1939}, {"fields": {"definition": null, "translation": "heart", "language_code": "en"}, "model": "core.translation", "pk": 1940}, {"fields": {"definition": null, "translation": "like", "language_code": "en"}, "model": "core.translation", "pk": 1941}, {"fields": {"definition": "", "translation": "excellent", "language_code": "en"}, "model": "core.translation", "pk": 1942}, {"fields": {"definition": null, "translation": "sound", "language_code": "en"}, "model": "core.translation", "pk": 1943}, {"fields": {"definition": null, "translation": "go", "language_code": "en"}, "model": "core.translation", "pk": 1944}, {"fields": {"definition": null, "translation": "five", "language_code": "en"}, "model": "core.translation", "pk": 1945}, {"fields": {"definition": null, "translation": "cause", "language_code": "en"}, "model": "core.translation", "pk": 1946}, {"fields": {"definition": null, "translation": "action", "language_code": "en"}, "model": "core.translation", "pk": 1947}, {"fields": {"definition": null, "translation": "do", "language_code": "en"}, "model": "core.translation", "pk": 1948}, {"fields": {"definition": null, "translation": "speak", "language_code": "en"}, "model": "core.translation", "pk": 1949}, {"fields": {"definition": null, "translation": "defilenement", "language_code": "en"}, "model": "core.translation", "pk": 1950}, {"fields": {"definition": null, "translation": "born", "language_code": "en"}, "model": "core.translation", "pk": 1951}, {"fields": {"definition": null, "translation": "discouragement", "language_code": "en"}, "model": "core.translation", "pk": 1952}, {"fields": {"definition": null, "translation": "fear", "language_code": "en"}, "model": "core.translation", "pk": 1953}, {"fields": {"definition": null, "translation": "be disturbed", "language_code": "en"}, "model": "core.translation", "pk": 1954}, {"fields": {"definition": null, "translation": "change", "language_code": "en"}, "model": "core.translation", "pk": 1955}, {"fields": {"definition": null, "translation": "tremble", "language_code": "en"}, "model": "core.translation", "pk": 1956}, {"fields": {"definition": null, "translation": "destroy", "language_code": "en"}, "model": "core.translation", "pk": 1957}, {"fields": {"definition": "", "translation": "teachings of Buda", "language_code": "en"}, "model": "core.translation", "pk": 1958}, {"fields": {"definition": "", "translation": "white", "language_code": "en"}, "model": "core.translation", "pk": 1959}, {"fields": {"definition": null, "translation": "cut off", "language_code": "en"}, "model": "core.translation", "pk": 1960}, {"fields": {"definition": null, "translation": "happiness", "language_code": "en"}, "model": "core.translation", "pk": 1961}, {"fields": {"definition": null, "translation": "root", "language_code": "en"}, "model": "core.translation", "pk": 1962}, {"fields": {"definition": null, "translation": "to destroy", "language_code": "en"}, "model": "core.translation", "pk": 1963}, {"fields": {"definition": null, "translation": "conceptual consciousness", "language_code": "en"}, "model": "core.translation", "pk": 1964}, {"fields": {"definition": null, "translation": "show", "language_code": "en"}, "model": "core.translation", "pk": 1965}, {"fields": {"definition": null, "translation": "teach", "language_code": "en"}, "model": "core.translation", "pk": 1966}, {"fields": {"definition": null, "translation": "induce", "language_code": "en"}, "model": "core.translation", "pk": 1967}, {"fields": {"definition": null, "translation": "mixed", "language_code": "en"}, "model": "core.translation", "pk": 1968}, {"fields": {"definition": null, "translation": "appear", "language_code": "en"}, "model": "core.translation", "pk": 1969}, {"fields": {"definition": null, "translation": "practice", "language_code": "en"}, "model": "core.translation", "pk": 1970}, {"fields": {"definition": null, "translation": "join", "language_code": "en"}, "model": "core.translation", "pk": 1971}, {"fields": {"definition": null, "translation": "obscuration", "language_code": "en"}, "model": "core.translation", "pk": 1972}, {"fields": {"definition": null, "translation": "thoroughly seek", "language_code": "en"}, "model": "core.translation", "pk": 1973}, {"fields": {"definition": null, "translation": "satisfied", "language_code": "en"}, "model": "core.translation", "pk": 1974}, {"fields": {"definition": null, "translation": "generate", "language_code": "en"}, "model": "core.translation", "pk": 1975}, {"fields": {"definition": null, "translation": "apprehension", "language_code": "en"}, "model": "core.translation", "pk": 1976}, {"fields": {"definition": null, "translation": "despondency", "language_code": "en"}, "model": "core.translation", "pk": 1977}, {"fields": {"definition": null, "translation": "good", "language_code": "en"}, "model": "core.translation", "pk": 1978}, {"fields": {"definition": null, "translation": "patience", "language_code": "en"}, "model": "core.translation", "pk": 1979}, {"fields": {"definition": null, "translation": "light", "language_code": "en"}, "model": "core.translation", "pk": 1980}, {"fields": {"definition": null, "translation": "acquaintance", "language_code": "en"}, "model": "core.translation", "pk": 1981}, {"fields": {"definition": null, "translation": "collect", "language_code": "en"}, "model": "core.translation", "pk": 1982}, {"fields": {"definition": null, "translation": "safeguard", "language_code": "en"}, "model": "core.translation", "pk": 1983}, {"fields": {"definition": null, "translation": "attribute", "language_code": "en"}, "model": "core.translation", "pk": 1984}, {"fields": {"definition": null, "translation": "concept", "language_code": "en"}, "model": "core.translation", "pk": 1985}, {"fields": {"definition": null, "translation": "nature", "language_code": "en"}, "model": "core.translation", "pk": 1986}, {"fields": {"definition": null, "translation": "phenomenon", "language_code": "en"}, "model": "core.translation", "pk": 1987}, {"fields": {"definition": null, "translation": "ignorance", "language_code": "en"}, "model": "core.translation", "pk": 1988}, {"fields": {"definition": null, "translation": "feature", "language_code": "en"}, "model": "core.translation", "pk": 1989}, {"fields": {"definition": null, "translation": "collection", "language_code": "en"}, "model": "core.translation", "pk": 1990}, {"fields": {"definition": null, "translation": "make", "language_code": "en"}, "model": "core.translation", "pk": 1991}, {"fields": {"definition": null, "translation": "place", "language_code": "en"}, "model": "core.translation", "pk": 1992}, {"fields": {"definition": null, "translation": "pick up", "language_code": "en"}, "model": "core.translation", "pk": 1993}, {"fields": {"definition": null, "translation": "object", "language_code": "en"}, "model": "core.translation", "pk": 1994}, {"fields": {"definition": null, "translation": "function", "language_code": "en"}, "model": "core.translation", "pk": 1995}, {"fields": {"definition": null, "translation": "fact", "language_code": "en"}, "model": "core.translation", "pk": 1996}, {"fields": {"definition": null, "translation": "purpose", "language_code": "en"}, "model": "core.translation", "pk": 1997}, {"fields": {"definition": null, "translation": "say", "language_code": "en"}, "model": "core.translation", "pk": 1998}, {"fields": {"definition": null, "translation": "express", "language_code": "en"}, "model": "core.translation", "pk": 1999}, {"fields": {"definition": null, "translation": "state", "language_code": "en"}, "model": "core.translation", "pk": 2000}, {"fields": {"definition": null, "translation": "expression", "language_code": "en"}, "model": "core.translation", "pk": 2001}, {"fields": {"definition": null, "translation": "verbalizations", "language_code": "en"}, "model": "core.translation", "pk": 2002}, {"fields": {"definition": "", "translation": "sorrow", "language_code": "en"}, "model": "core.translation", "pk": 2003}, {"fields": {"definition": null, "translation": "fright", "language_code": "en"}, "model": "core.translation", "pk": 2004}, {"fields": {"definition": null, "translation": "horror", "language_code": "en"}, "model": "core.translation", "pk": 2005}, {"fields": {"definition": null, "translation": "panic", "language_code": "en"}, "model": "core.translation", "pk": 2006}, {"fields": {"definition": null, "translation": "alarm", "language_code": "en"}, "model": "core.translation", "pk": 2007}, {"fields": {"definition": null, "translation": "dread", "language_code": "en"}, "model": "core.translation", "pk": 2008}, {"fields": {"definition": null, "translation": "fearfulness", "language_code": "en"}, "model": "core.translation", "pk": 2009}, {"fields": {"definition": null, "translation": "trepidation", "language_code": "en"}, "model": "core.translation", "pk": 2010}, {"fields": {"definition": null, "translation": "be angry", "language_code": "en"}, "model": "core.translation", "pk": 2011}, {"fields": {"definition": null, "translation": "be agitated", "language_code": "en"}, "model": "core.translation", "pk": 2012}, {"fields": {"definition": null, "translation": "fight", "language_code": "en"}, "model": "core.translation", "pk": 2013}, {"fields": {"definition": null, "translation": "mutate", "language_code": "en"}, "model": "core.translation", "pk": 2014}, {"fields": {"definition": null, "translation": "become", "language_code": "en"}, "model": "core.translation", "pk": 2015}, {"fields": {"definition": null, "translation": "be", "language_code": "en"}, "model": "core.translation", "pk": 2016}, {"fields": {"definition": null, "translation": "come to be", "language_code": "en"}, "model": "core.translation", "pk": 2017}, {"fields": {"definition": null, "translation": "transform", "language_code": "en"}, "model": "core.translation", "pk": 2018}, {"fields": {"definition": null, "translation": "grow", "language_code": "en"}, "model": "core.translation", "pk": 2019}, {"fields": {"definition": null, "translation": "translate", "language_code": "en"}, "model": "core.translation", "pk": 2020}, {"fields": {"definition": null, "translation": "translation", "language_code": "en"}, "model": "core.translation", "pk": 2021}, {"fields": {"definition": null, "translation": "use", "language_code": "en"}, "model": "core.translation", "pk": 2022}, {"fields": {"definition": null, "translation": "be afraid", "language_code": "en"}, "model": "core.translation", "pk": 2023}, {"fields": {"definition": null, "translation": "triumph over", "language_code": "en"}, "model": "core.translation", "pk": 2024}, {"fields": {"definition": null, "translation": "annihilation", "language_code": "en"}, "model": "core.translation", "pk": 2025}, {"fields": {"definition": null, "translation": "nullification", "language_code": "en"}, "model": "core.translation", "pk": 2026}, {"fields": {"definition": null, "translation": "suppress", "language_code": "en"}, "model": "core.translation", "pk": 2027}, {"fields": {"definition": null, "translation": "overcome", "language_code": "en"}, "model": "core.translation", "pk": 2028}, {"fields": {"definition": null, "translation": "destruction", "language_code": "en"}, "model": "core.translation", "pk": 2029}, {"fields": {"definition": null, "translation": "suppression", "language_code": "en"}, "model": "core.translation", "pk": 2030}, {"fields": {"definition": null, "translation": "conceptuality", "language_code": "en"}, "model": "core.translation", "pk": 2031}, {"fields": {"definition": null, "translation": "imputation", "language_code": "en"}, "model": "core.translation", "pk": 2032}, {"fields": {"definition": null, "translation": "investigation", "language_code": "en"}, "model": "core.translation", "pk": 2033}, {"fields": {"definition": null, "translation": "conceptual thought", "language_code": "en"}, "model": "core.translation", "pk": 2034}, {"fields": {"definition": null, "translation": "thought", "language_code": "en"}, "model": "core.translation", "pk": 2035}, {"fields": {"definition": null, "translation": "demonstrate", "language_code": "en"}, "model": "core.translation", "pk": 2036}, {"fields": {"definition": null, "translation": "teaching", "language_code": "en"}, "model": "core.translation", "pk": 2037}, {"fields": {"definition": null, "translation": "taught", "language_code": "en"}, "model": "core.translation", "pk": 2038}, {"fields": {"definition": null, "translation": "gather up", "language_code": "en"}, "model": "core.translation", "pk": 2039}, {"fields": {"definition": null, "translation": "included", "language_code": "en"}, "model": "core.translation", "pk": 2040}, {"fields": {"definition": null, "translation": "summary", "language_code": "en"}, "model": "core.translation", "pk": 2041}, {"fields": {"definition": null, "translation": "search", "language_code": "en"}, "model": "core.translation", "pk": 2042}, {"fields": {"definition": null, "translation": "examine", "language_code": "en"}, "model": "core.translation", "pk": 2043}, {"fields": {"definition": null, "translation": "analyze", "language_code": "en"}, "model": "core.translation", "pk": 2044}, {"fields": {"definition": null, "translation": "investigate", "language_code": "en"}, "model": "core.translation", "pk": 2045}, {"fields": {"definition": null, "translation": "carry out", "language_code": "en"}, "model": "core.translation", "pk": 2046}, {"fields": {"definition": null, "translation": "delusion", "language_code": "en"}, "model": "core.translation", "pk": 2047}, {"fields": {"definition": null, "translation": "dullness", "language_code": "en"}, "model": "core.translation", "pk": 2049}, {"fields": {"definition": null, "translation": "impute", "language_code": "en"}, "model": "core.translation", "pk": 2050}, {"fields": {"definition": null, "translation": "connect", "language_code": "en"}, "model": "core.translation", "pk": 2051}, {"fields": {"definition": null, "translation": "apply", "language_code": "en"}, "model": "core.translation", "pk": 2052}, {"fields": {"definition": null, "translation": "affix", "language_code": "en"}, "model": "core.translation", "pk": 2053}, {"fields": {"definition": null, "translation": "prepare", "language_code": "en"}, "model": "core.translation", "pk": 2054}, {"fields": {"definition": null, "translation": "establish", "language_code": "en"}, "model": "core.translation", "pk": 2055}, {"fields": {"definition": null, "translation": "application", "language_code": "en"}, "model": "core.translation", "pk": 2056}, {"fields": {"definition": null, "translation": "preparation", "language_code": "en"}, "model": "core.translation", "pk": 2057}, {"fields": {"definition": null, "translation": "exertion", "language_code": "en"}, "model": "core.translation", "pk": 2058}, {"fields": {"definition": null, "translation": "joining", "language_code": "en"}, "model": "core.translation", "pk": 2059}, {"fields": {"definition": null, "translation": "connection", "language_code": "en"}, "model": "core.translation", "pk": 2060}, {"fields": {"definition": null, "translation": "endeavor", "language_code": "en"}, "model": "core.translation", "pk": 2061}, {"fields": {"definition": null, "translation": "syllogism", "language_code": "en"}, "model": "core.translation", "pk": 2062}, {"fields": {"definition": null, "translation": "act out", "language_code": "en"}, "model": "core.translation", "pk": 2063}, {"fields": {"definition": null, "translation": "perform", "language_code": "en"}, "model": "core.translation", "pk": 2064}, {"fields": {"definition": null, "translation": "behavior", "language_code": "en"}, "model": "core.translation", "pk": 2065}, {"fields": {"definition": null, "translation": "deeds", "language_code": "en"}, "model": "core.translation", "pk": 2066}, {"fields": {"definition": null, "translation": "performance", "language_code": "en"}, "model": "core.translation", "pk": 2067}, {"fields": {"definition": null, "translation": "perceive", "language_code": "en"}, "model": "core.translation", "pk": 2068}, {"fields": {"definition": null, "translation": "illuminate", "language_code": "en"}, "model": "core.translation", "pk": 2069}, {"fields": {"definition": null, "translation": "appearance", "language_code": "en"}, "model": "core.translation", "pk": 2070}, {"fields": {"definition": null, "translation": "illumination", "language_code": "en"}, "model": "core.translation", "pk": 2071}, {"fields": {"definition": null, "translation": "lead", "language_code": "en"}, "model": "core.translation", "pk": 2072}, {"fields": {"definition": null, "translation": "draw", "language_code": "en"}, "model": "core.translation", "pk": 2073}, {"fields": {"definition": null, "translation": "cite", "language_code": "en"}, "model": "core.translation", "pk": 2074}, {"fields": {"definition": null, "translation": "quote", "language_code": "en"}, "model": "core.translation", "pk": 2075}, {"fields": {"definition": null, "translation": "pull", "language_code": "en"}, "model": "core.translation", "pk": 2076}, {"fields": {"definition": null, "translation": "conduct", "language_code": "en"}, "model": "core.translation", "pk": 2077}, {"fields": {"definition": null, "translation": "shared", "language_code": "en"}, "model": "core.translation", "pk": 2078}, {"fields": {"definition": "", "translation": "karma", "language_code": "es"}, "model": "core.translation", "pk": 2079}, {"fields": {"definition": "", "translation": "terror", "language_code": "en"}, "model": "core.translation", "pk": 2080}, {"fields": {"definition": "", "translation": "ilusi\u00f3n", "language_code": "es"}, "model": "core.translation", "pk": 2081}, {"fields": {"definition": "", "translation": "confusion", "language_code": "en"}, "model": "core.translation", "pk": 2082}, {"fields": {"definition": "", "translation": "weariness", "language_code": "en"}, "model": "core.translation", "pk": 2083}, {"fields": {"definition": "", "translation": "Dharma", "language_code": "en"}, "model": "core.translation", "pk": 2084}, {"fields": {"word": "\u0f40\u0f58\u0f0b\u0f54\u0f0b\u0f63\u0f72\u0f0d", "thl_phonetic_transcription": "", "image": "", "thl_wylie_transliteration": "", "is_honorific": false, "pronunciation": "", "phrase": [], "grammar": "", "translation": [2], "categories": [6]}, "model": "core.word", "pk": 1}, {"fields": {"word": "\u0f40\u0f74\u0f0b\u0f64\u0f74\u0f0d", "thl_phonetic_transcription": "", "image": "", "thl_wylie_transliteration": "", "is_honorific": false, "pronunciation": "", "phrase": [], "grammar": "", "translation": [1], "categories": [3]}, "model": "core.word", "pk": 2}, {"fields": {"word": "\u0f40\u0f0b\u0f56\u0f0d", "thl_phonetic_transcription": "", "image": "", "thl_wylie_transliteration": "", "is_honorific": false, "pronunciation": "", "phrase": [], "grammar": "", "translation": [5, 4], "categories": [4]}, "model": "core.word", "pk": 3}, {"fields": {"word": "\u0f40\u0f44\u0f0b\u0f51\u0fb2\u0f0d", "thl_phonetic_transcription": "", "image": "", "thl_wylie_transliteration": "", "is_honorific": false, "pronunciation": "", "phrase": [], "grammar": "", "translation": [6], "categories": [5]}, "model": "core.word", "pk": 4}, {"fields": {"word": "\u0f40\u0f0b\u0f41\u0f0d", "thl_phonetic_transcription": "", "image": "", "thl_wylie_transliteration": "", "is_honorific": false, "pronunciation": "", "phrase": [], "grammar": "", "translation": [3], "categories": [2]}, "model": "core.word", "pk": 5}, {"fields": {"word": "\u0f41\u0f44\u0f0b\u0f54\u0f0d", "thl_phonetic_transcription": "", "image": "", "thl_wylie_transliteration": "", "is_honorific": false, "pronunciation": "", "phrase": [], "grammar": "", "translation": [8], "categories": []}, "model": "core.word", "pk": 6}, {"fields": {"word": "\u0f66\u0f94\u0f7c\u0f53\u0f0b\u0f54\u0f7c\u0f0d", "thl_phonetic_transcription": "", "image": "", "thl_wylie_transliteration": "", "is_honorific": false, "pronunciation": "", "phrase": [], "grammar": "", "translation": [9], "categories": []}, "model": "core.word", "pk": 7}, {"fields": {"word": "\u0f66\u0f7a\u0f62\u0f0b\u0f54\u0f7c\u0f0d", "thl_phonetic_transcription": "", "image": "", "thl_wylie_transliteration": "", "is_honorific": false, "pronunciation": "", "phrase": [], "grammar": "", "translation": [11], "categories": []}, "model": "core.word", "pk": 8}, {"fields": {"word": "\u0f53\u0f42\u0f0b\u0f54\u0f7c\u0f0d", "thl_phonetic_transcription": "", "image": "", "thl_wylie_transliteration": "", "is_honorific": false, "pronunciation": "", "phrase": [], "grammar": "", "translation": [12], "categories": []}, "model": "core.word", "pk": 9}, {"fields": {"word": "\u0f51\u0f40\u0f62\u0f0b\u0f54\u0f7c\u0f0d", "thl_phonetic_transcription": "", "image": "", "thl_wylie_transliteration": "", "is_honorific": false, "pronunciation": "", "phrase": [], "grammar": "", "translation": [10], "categories": []}, "model": "core.word", "pk": 10}, {"fields": {"word": "\u0f51\u0f42\u0f7c\u0f53\u0f0b\u0f54\u0f0d", "thl_phonetic_transcription": "", "image": "", "thl_wylie_transliteration": "", "is_honorific": false, "pronunciation": "", "phrase": [], "grammar": "", "translation": [13], "categories": []}, "model": "core.word", "pk": 11}, {"fields": {"word": "\u0f66\u0f44\u0f66\u0f0b\u0f62\u0f92\u0fb1\u0f66\u0f0d", "thl_phonetic_transcription": "", "image": "", "thl_wylie_transliteration": "", "is_honorific": false, "pronunciation": "", "phrase": [], "grammar": "", "translation": [14], "categories": []}, "model": "core.word", "pk": 12}, {"fields": {"word": "\u0f60\u0f41\u0f7c\u0f62\u0f0b\u0f56\u0f0b", "thl_phonetic_transcription": "khor.wa", "image": "", "thl_wylie_transliteration": "", "is_honorific": false, "pronunciation": "", "phrase": [], "grammar": "", "translation": [1931, 277, 662, 507], "categories": []}, "model": "core.word", "pk": 16}, {"fields": {"word": "\u0f53\u0f66", "thl_phonetic_transcription": "ne", "image": "", "thl_wylie_transliteration": "", "is_honorific": false, "pronunciation": "", "phrase": [], "grammar": "", "translation": [82, 1992, 322], "categories": []}, "model": "core.word", "pk": 17}, {"fields": {"word": "\u0f51\u0f42", "thl_phonetic_transcription": "dak", "image": "", "thl_wylie_transliteration": "", "is_honorific": false, "pronunciation": "", "phrase": [], "grammar": "", "translation": [509, 1933, 279, 663], "categories": []}, "model": "core.word", "pk": 18}, {"fields": {"word": "\u0f40\u0f74\u0f53", "thl_phonetic_transcription": "k\u00fcn", "image": "", "thl_wylie_transliteration": "", "is_honorific": false, "pronunciation": "", "phrase": [], "grammar": "", "translation": [1934, 81, 510], "categories": []}, "model": "core.word", "pk": 19}, {"fields": {"word": "\u0f51\u0f40\u0fb2\u0f72\u0f66\u0f0b\u0f54", "thl_phonetic_transcription": "tri.pa", "image": "", "thl_wylie_transliteration": "", "is_honorific": false, "pronunciation": "", "phrase": [], "grammar": "", "translation": [511, 280, 1935, 664, 719], "categories": []}, "model": "core.word", "pk": 20}, {"fields": {"word": "\u0f58\u0f41\u0fb1\u0f7a\u0f53\u0f0b", "thl_phonetic_transcription": "kien", "image": "", "thl_wylie_transliteration": "", "is_honorific": false, "pronunciation": "", "phrase": [], "grammar": "", "translation": [68, 1936, 281], "categories": []}, "model": "core.word", "pk": 21}, {"fields": {"word": "\u0f64\u0f72\u0f44\u0f0b\u0f54\u0f0b", "thl_phonetic_transcription": "shin.pa", "image": "", "thl_wylie_transliteration": "", "is_honorific": false, "pronunciation": "", "phrase": [], "grammar": "", "translation": [512, 1937, 665, 282], "categories": []}, "model": "core.word", "pk": 22}, {"fields": {"word": "\u0f64\u0f72\u0f44\u0f0b\u0f40", "thl_phonetic_transcription": "shin.ka", "image": "", "thl_wylie_transliteration": "", "is_honorific": false, "pronunciation": "", "phrase": [], "grammar": "", "translation": [513, 1938, 283, 666], "categories": []}, "model": "core.word", "pk": 23}, {"fields": {"word": "\u0f51\u0f7c\u0f53", "thl_phonetic_transcription": "d\u00f6n", "image": "", "thl_wylie_transliteration": "", "is_honorific": false, "pronunciation": "", "phrase": [], "grammar": "", "translation": [1996, 284, 1995, 1939, 1994, 1997, 514], "categories": []}, "model": "core.word", "pk": 24}, {"fields": {"word": "\u0f66\u0f99\u0f72\u0f44\u0f0b\u0f54\u0f7c\u0f0b", "thl_phonetic_transcription": "\u00f1inpo", "image": "", "thl_wylie_transliteration": "", "is_honorific": false, "pronunciation": "", "phrase": [], "grammar": "", "translation": [515, 1940], "categories": []}, "model": "core.word", "pk": 25}, {"fields": {"word": "\u0f51\u0f42\u0f60", "thl_phonetic_transcription": "ga", "image": "", "thl_wylie_transliteration": "", "is_honorific": false, "pronunciation": "", "phrase": [], "grammar": "", "translation": [516, 1941, 285], "categories": []}, "model": "core.word", "pk": 26}, {"fields": {"word": "\u0f5a\u0f7c\u0f42\u0f66\u0f0b\u0f54\u0f0b", "thl_phonetic_transcription": "tsok.pa", "image": "", "thl_wylie_transliteration": "", "is_honorific": false, "pronunciation": "", "phrase": [], "grammar": "", "translation": [65, 517, 1942], "categories": []}, "model": "core.word", "pk": 27}, {"fields": {"word": "\u0f66\u0f92\u0fb2\u0f0b", "thl_phonetic_transcription": "dra", "image": "", "thl_wylie_transliteration": "", "is_honorific": false, "pronunciation": "", "phrase": [], "grammar": "", "translation": [518, 1943], "categories": []}, "model": "core.word", "pk": 28}, {"fields": {"word": "\u0f60\u0f42\u0fb2\u0f7c", "thl_phonetic_transcription": "dro", "image": "", "thl_wylie_transliteration": "", "is_honorific": false, "pronunciation": "", "phrase": [], "grammar": "", "translation": [1944, 519], "categories": []}, "model": "core.word", "pk": 29}, {"fields": {"word": "\u0f63\u0f94\u0f0b", "thl_phonetic_transcription": "nga", "image": "", "thl_wylie_transliteration": "", "is_honorific": false, "pronunciation": "", "phrase": [], "grammar": "", "translation": [520, 1945], "categories": []}, "model": "core.word", "pk": 30}, {"fields": {"word": "\u0f62\u0f92\u0fb1\u0f74", "thl_phonetic_transcription": "yu", "image": "", "thl_wylie_transliteration": "", "is_honorific": false, "pronunciation": "", "phrase": [], "grammar": "", "translation": [521, 1946], "categories": []}, "model": "core.word", "pk": 31}, {"fields": {"word": "\u0f56\u0fb1\u0f0b\u0f56\u0f0b", "thl_phonetic_transcription": "cha.wa", "image": "", "thl_wylie_transliteration": "", "is_honorific": false, "pronunciation": "", "phrase": [], "grammar": "", "translation": [300, 1947], "categories": []}, "model": "core.word", "pk": 32}, {"fields": {"word": "\u0f56\u0fb1\u0f7a\u0f51\u0f0b", "thl_phonetic_transcription": "che", "image": "", "thl_wylie_transliteration": "", "is_honorific": false, "pronunciation": "", "phrase": [], "grammar": "", "translation": [1948, 522, 1991, 286], "categories": []}, "model": "core.word", "pk": 33}, {"fields": {"word": "\u0f56\u0f62\u0f97\u0f7c\u0f51\u0f0b\u0f54", "thl_phonetic_transcription": "yo.pa", "image": "", "thl_wylie_transliteration": "", "is_honorific": false, "pronunciation": "", "phrase": [], "grammar": "", "translation": [668, 523, 1999, 2001, 287, 1998, 1949, 2000, 2002], "categories": []}, "model": "core.word", "pk": 34}, {"fields": {"word": "\u0f49\u0f7c\u0f53\u0f0b\u0f58\u0f7c\u0f44\u0f66", "thl_phonetic_transcription": "\u00f1on.mo", "image": "", "thl_wylie_transliteration": "", "is_honorific": false, "pronunciation": "", "phrase": [], "grammar": "", "translation": [288, 1950, 669, 524], "categories": []}, "model": "core.word", "pk": 35}, {"fields": {"word": "\u0f66\u0f90\u0fb1\u0f7a\u0f51\u0f0b\u0f54", "thl_phonetic_transcription": "kie.pa", "image": "", "thl_wylie_transliteration": "", "is_honorific": false, "pronunciation": "", "phrase": [], "grammar": "", "translation": [1951, 525, 62], "categories": []}, "model": "core.word", "pk": 36}, {"fields": {"word": "\u0f66\u0f90\u0fb1\u0f7c\u0f0b\u0f56", "thl_phonetic_transcription": "kio.wa", "image": "", "thl_wylie_transliteration": "", "is_honorific": false, "pronunciation": "", "phrase": [], "grammar": "", "translation": [724, 1952, 2003, 289, 2083], "categories": []}, "model": "core.word", "pk": 37}, {"fields": {"word": "\u0f66\u0f90\u0fb2\u0f42\u0f0b", "thl_phonetic_transcription": "trak", "image": "", "thl_wylie_transliteration": "", "is_honorific": false, "pronunciation": "", "phrase": [], "grammar": "", "translation": [2007, 670, 2008, 1953, 2009, 2004, 2005, 290, 2006, 720, 527, 2080, 2010], "categories": []}, "model": "core.word", "pk": 38}, {"fields": {"word": "\u0f58\u0f5b\u0f51", "thl_phonetic_transcription": "tse", "image": "", "thl_wylie_transliteration": "", "is_honorific": false, "pronunciation": "", "phrase": [], "grammar": "", "translation": [1948, 528, 2022, 291], "categories": []}, "model": "core.word", "pk": 39}, {"fields": {"word": "\u0f60\u0f41\u0fb2\u0f74\u0f42\u0f66\u0f0b\u0f54\u0f0b", "thl_phonetic_transcription": "truk.pa", "image": "", "thl_wylie_transliteration": "", "is_honorific": false, "pronunciation": "", "phrase": [], "grammar": "", "translation": [529, 2012, 2011, 1954, 2013, 671, 292], "categories": []}, "model": "core.word", "pk": 40}, {"fields": {"word": "\u0f60\u0f42\u0fb1\u0f74\u0f62\u0f0b\u0f56\u0f0b", "thl_phonetic_transcription": "yur.wa", "image": "", "thl_wylie_transliteration": "", "is_honorific": false, "pronunciation": "", "phrase": [], "grammar": "", "translation": [2016, 2015, 530, 1955, 2017, 2019, 2014, 672, 2018, 293, 2020, 2021], "categories": []}, "model": "core.word", "pk": 41}, {"fields": {"word": "\u0f51\u0f44\u0f44\u0f0b\u0f56", "thl_phonetic_transcription": "tang.wa", "image": "", "thl_wylie_transliteration": "", "is_honorific": false, "pronunciation": "", "phrase": [], "grammar": "", "translation": [531, 2023, 290, 2006, 720, 1956], "categories": []}, "model": "core.word", "pk": 42}, {"fields": {"word": "\u0f56\u0f45\u0f7c\u0f58", "thl_phonetic_transcription": "yom", "image": "", "thl_wylie_transliteration": "", "is_honorific": false, "pronunciation": "", "phrase": [], "grammar": "", "translation": [1957, 298, 2028, 49, 2024], "categories": []}, "model": "core.word", "pk": 43}, {"fields": {"word": "\u0f46\u0f7c\u0f66\u0f0b\u0f62\u0fa3\u0f58\u0f66", "thl_phonetic_transcription": "ch\u00f6.nam", "image": "", "thl_wylie_transliteration": "", "is_honorific": false, "pronunciation": "", "phrase": [], "grammar": "", "translation": [294, 2084, 532, 1958], "categories": []}, "model": "core.word", "pk": 44}, {"fields": {"word": "\u0f51\u0f40\u0f62\u0f0b\u0f54\u0f7c", "thl_phonetic_transcription": "karpo", "image": "", "thl_wylie_transliteration": "", "is_honorific": false, "pronunciation": "", "phrase": [], "grammar": "", "translation": [10, 1959], "categories": []}, "model": "core.word", "pk": 45}, {"fields": {"word": "\u0f46\u0f51\u0f0b\u0f54", "thl_phonetic_transcription": "che.pa", "image": "", "thl_wylie_transliteration": "", "is_honorific": false, "pronunciation": "", "phrase": [], "grammar": "", "translation": [295, 2025, 46, 1960, 673, 2026], "categories": []}, "model": "core.word", "pk": 46}, {"fields": {"word": "\u0f51\u0f42\u0f7a\u0f0b\u0f56", "thl_phonetic_transcription": "ge.wa", "image": "", "thl_wylie_transliteration": "", "is_honorific": false, "pronunciation": "", "phrase": [], "grammar": "", "translation": [674, 47, 1961, 296], "categories": []}, "model": "core.word", "pk": 47}, {"fields": {"word": "\u0f62\u0fa9\u0f0b\u0f56\u0f0b", "thl_phonetic_transcription": "tsa.wa", "image": "", "thl_wylie_transliteration": "", "is_honorific": false, "pronunciation": "", "phrase": [], "grammar": "", "translation": [297, 48, 1962], "categories": []}, "model": "core.word", "pk": 48}, {"fields": {"word": "\u0f60\u0f47\u0f7c\u0f58\u0f66\u0f0b\u0f54\u0f0b", "thl_phonetic_transcription": "yom.pa", "image": "", "thl_wylie_transliteration": "", "is_honorific": false, "pronunciation": "", "phrase": [], "grammar": "", "translation": [2029, 298, 673, 2028, 49, 2027, 2030, 1963], "categories": []}, "model": "core.word", "pk": 49}, {"fields": {"word": "\u0f62\u0f9f\u0f7c\u0f42\u0f0b\u0f54\u0f0b", "thl_phonetic_transcription": "tok.pa", "image": "", "thl_wylie_transliteration": "", "is_honorific": false, "pronunciation": "", "phrase": [], "grammar": "", "translation": [721, 1964, 2031, 2034, 50, 675, 299, 2032, 2033, 2035], "categories": []}, "model": "core.word", "pk": 50}, {"fields": {"word": "\u0f63\u0f66\u0f0b", "thl_phonetic_transcription": "le", "image": "", "thl_wylie_transliteration": "", "is_honorific": false, "pronunciation": "", "phrase": [], "grammar": "", "translation": [300, 51, 2079, 676], "categories": []}, "model": "core.word", "pk": 51}, {"fields": {"word": "\u0f66\u0f9f\u0f7c\u0f53\u0f0b\u0f54", "thl_phonetic_transcription": "t\u00f6n.pa", "image": "", "thl_wylie_transliteration": "", "is_honorific": false, "pronunciation": "", "phrase": [], "grammar": "", "translation": [301, 52, 1965], "categories": []}, "model": "core.word", "pk": 52}, {"fields": {"word": "\u0f56\u0f66\u0f9f\u0f53\u0f0b\u0f54\u0f0b", "thl_phonetic_transcription": "den.pa", "image": "", "thl_wylie_transliteration": "", "is_honorific": false, "pronunciation": "", "phrase": [], "grammar": "", "translation": [2036, 53, 302, 52, 1965, 2038, 1966, 2037], "categories": []}, "model": "core.word", "pk": 53}, {"fields": {"word": "\u0f60\u0f51\u0fb2\u0f7a\u0f53\u0f0b\u0f54", "thl_phonetic_transcription": "tren.pa", "image": "", "thl_wylie_transliteration": "", "is_honorific": false, "pronunciation": "", "phrase": [], "grammar": "", "translation": [2074, 2077, 722, 2051, 303, 54, 2073, 1967, 677, 2072, 2076, 2075], "categories": []}, "model": "core.word", "pk": 54}, {"fields": {"word": "\u0f60\u0f51\u0fb2\u0f7a\u0f66\u0f0b\u0f54\u0f0b", "thl_phonetic_transcription": "tre.pa", "image": "", "thl_wylie_transliteration": "", "is_honorific": false, "pronunciation": "", "phrase": [], "grammar": "", "translation": [678, 55, 1968, 2078, 304], "categories": []}, "model": "core.word", "pk": 55}, {"fields": {"word": "\u0f66\u0fa3\u0f44\u0f0b\u0f56\u0f0b", "thl_phonetic_transcription": "nag.wa", "image": "", "thl_wylie_transliteration": "", "is_honorific": false, "pronunciation": "", "phrase": [], "grammar": "", "translation": [679, 1969, 2070, 2069, 2071, 56, 1980, 305, 2068], "categories": []}, "model": "core.word", "pk": 56}, {"fields": {"word": "\u0f66\u0fa4\u0fb1\u0f7c\u0f51\u0f0b", "thl_phonetic_transcription": "ch\u00f6.nam", "image": "", "thl_wylie_transliteration": "", "is_honorific": false, "pronunciation": "", "phrase": [], "grammar": "", "translation": [2063, 2065, 723, 2066, 306, 680, 2064, 2067, 57, 1970], "categories": []}, "model": "core.word", "pk": 57}, {"fields": {"word": "\u0f66\u0fa6\u0fb1\u0f7c\u0f62\u0f0b\u0f56", "thl_phonetic_transcription": "yor.wa", "image": "", "thl_wylie_transliteration": "", "is_honorific": false, "pronunciation": "", "phrase": [], "grammar": "", "translation": [2053, 681, 2056, 2052, 2051, 2060, 2061, 307, 2055, 2058, 1971, 2059, 58, 2057, 2054, 2062], "categories": []}, "model": "core.word", "pk": 58}, {"fields": {"word": "\u0f62\u0fa8\u0f7c\u0f44\u0f66\u0f0b\u0f54", "thl_phonetic_transcription": "mon.pa", "image": "", "thl_wylie_transliteration": "", "is_honorific": false, "pronunciation": "", "phrase": [], "grammar": "", "translation": [2082, 308, 2047, 59, 2049, 1988, 76, 2081, 1972], "categories": []}, "model": "core.word", "pk": 59}, {"fields": {"word": "\u0f56\u0f59\u0f63\u0f0b", "thl_phonetic_transcription": "tsel", "image": "", "thl_wylie_transliteration": "", "is_honorific": false, "pronunciation": "", "phrase": [], "grammar": "", "translation": [2044, 60, 2043, 309, 2045, 682, 2042, 1973], "categories": []}, "model": "core.word", "pk": 60}, {"fields": {"word": "\u0f5a\u0f72\u0f58\u0f0b\u0f54", "thl_phonetic_transcription": "tsim.pa", "image": "", "thl_wylie_transliteration": "", "is_honorific": false, "pronunciation": "", "phrase": [], "grammar": "", "translation": [310, 61, 1974], "categories": []}, "model": "core.word", "pk": 61}, {"fields": {"word": "\u0f66\u0f90\u0fb1\u0f7a", "thl_phonetic_transcription": "kie", "image": "", "thl_wylie_transliteration": "", "is_honorific": false, "pronunciation": "", "phrase": [], "grammar": "", "translation": [683, 1975, 311, 62], "categories": []}, "model": "core.word", "pk": 62}, {"fields": {"word": "\u0f60\u0f5b\u0f72\u0f53\u0f0b\u0f54", "thl_phonetic_transcription": "tsin.pa", "image": "", "thl_wylie_transliteration": "", "is_honorific": false, "pronunciation": "", "phrase": [], "grammar": "", "translation": [310, 61, 1974], "categories": []}, "model": "core.word", "pk": 63}, {"fields": {"word": "\u0f5e\u0f74\u0f58\u0f0b", "thl_phonetic_transcription": "shum", "image": "", "thl_wylie_transliteration": "", "is_honorific": false, "pronunciation": "", "phrase": [], "grammar": "", "translation": [64, 724, 1977, 684, 313], "categories": []}, "model": "core.word", "pk": 64}, {"fields": {"word": "\u0f56\u0f5f\u0f44\u0f0b\u0f54\u0f7c", "thl_phonetic_transcription": "sam.po", "image": "", "thl_wylie_transliteration": "", "is_honorific": false, "pronunciation": "", "phrase": [], "grammar": "", "translation": [65, 1978], "categories": []}, "model": "core.word", "pk": 65}, {"fields": {"word": "\u0f56\u0f5f\u0f7c\u0f51\u0f0b", "thl_phonetic_transcription": "s\u00f6", "image": "", "thl_wylie_transliteration": "", "is_honorific": false, "pronunciation": "", "phrase": [], "grammar": "", "translation": [66, 1979], "categories": []}, "model": "core.word", "pk": 66}, {"fields": {"word": "\u0f60\u0f7c\u0f51", "thl_phonetic_transcription": "\u00f6", "image": "", "thl_wylie_transliteration": "", "is_honorific": false, "pronunciation": "", "phrase": [], "grammar": "", "translation": [1980, 305, 67], "categories": []}, "model": "core.word", "pk": 67}, {"fields": {"word": "\u0f64\u0f7a\u0f66\u0f0b\u0f54", "thl_phonetic_transcription": "she.pa", "image": "", "thl_wylie_transliteration": "", "is_honorific": false, "pronunciation": "", "phrase": [], "grammar": "", "translation": [68, 1936, 281, 314], "categories": []}, "model": "core.word", "pk": 68}, {"fields": {"word": "\u0f66\u0f7c\u0f44\u0f0b\u0f56", "thl_phonetic_transcription": "song.wa", "image": "", "thl_wylie_transliteration": "", "is_honorific": false, "pronunciation": "", "phrase": [], "grammar": "", "translation": [69, 1981, 315, 685, 725], "categories": []}, "model": "core.word", "pk": 69}, {"fields": {"word": "\u0f42\u0f66\u0f7c\u0f42\u0f0b", "thl_phonetic_transcription": "sog", "image": "", "thl_wylie_transliteration": "", "is_honorific": false, "pronunciation": "", "phrase": [], "grammar": "", "translation": [70, 1982, 686, 316], "categories": []}, "model": "core.word", "pk": 70}, {"fields": {"word": "\u0f56\u0f66\u0fb2\u0f74\u0f44\u0f0b\u0f56", "thl_phonetic_transcription": "sung.wa", "image": "", "thl_wylie_transliteration": "", "is_honorific": null, "pronunciation": "", "phrase": [], "grammar": "", "translation": [317, 687, 726, 71, 1983], "categories": []}, "model": "core.word", "pk": 71}, {"fields": {"word": "\u0f56\u0f4f\u0f42\u0f66\u0f0b", "thl_phonetic_transcription": "tak", "image": "", "thl_wylie_transliteration": "", "is_honorific": false, "pronunciation": "", "phrase": [], "grammar": "", "translation": [1984, 72, 318, 688, 2050], "categories": []}, "model": "core.word", "pk": 72}, {"fields": {"word": "\u0f44\u0f7c\u0f0b\u0f56\u0f7c", "thl_phonetic_transcription": "ngo.wo", "image": "", "thl_wylie_transliteration": "", "is_honorific": false, "pronunciation": "", "phrase": [], "grammar": "", "translation": [1985, 73, 319], "categories": []}, "model": "core.word", "pk": 73}, {"fields": {"word": "\u0f62\u0f44\u0f0b\u0f56\u0f5e\u0f72\u0f53", "thl_phonetic_transcription": "rang.shin", "image": "", "thl_wylie_transliteration": "", "is_honorific": false, "pronunciation": "", "phrase": [], "grammar": "", "translation": [74, 1986], "categories": []}, "model": "core.word", "pk": 74}, {"fields": {"word": "\u0f46\u0f7c\u0f66\u0f0b", "thl_phonetic_transcription": "ch\u00f6.nam", "image": "", "thl_wylie_transliteration": "", "is_honorific": false, "pronunciation": "", "phrase": [], "grammar": "", "translation": [75, 1987], "categories": []}, "model": "core.word", "pk": 75}, {"fields": {"word": "\u0f58\u0f0b\u0f62\u0f72\u0f42\u0f0b\u0f54\u0f0b", "thl_phonetic_transcription": "ma.rik.pa", "image": "", "thl_wylie_transliteration": "", "is_honorific": false, "pronunciation": "", "phrase": [], "grammar": "", "translation": [1988, 76], "categories": []}, "model": "core.word", "pk": 76}, {"fields": {"word": "\u0f58\u0f5a\u0f53\u0f0b\u0f49\u0f72\u0f51\u0f0b", "thl_phonetic_transcription": "tsen.\u00f1i", "image": "", "thl_wylie_transliteration": "", "is_honorific": false, "pronunciation": "", "phrase": [], "grammar": "", "translation": [727, 689, 319, 1989, 77], "categories": []}, "model": "core.word", "pk": 77}, {"fields": {"word": "\u0f56\u0f4f\u0f74\u0f66", "thl_phonetic_transcription": "t\u00fc", "image": "", "thl_wylie_transliteration": "", "is_honorific": false, "pronunciation": "", "phrase": [], "grammar": "", "translation": [690, 1990, 83, 78], "categories": []}, "model": "core.word", "pk": 78}, {"fields": {"word": "\u0f62\u0f9f\u0f7c\u0f42\u0f66\u0f0b\u0f54\u0f0b", "thl_phonetic_transcription": "tok.pa", "image": "", "thl_wylie_transliteration": "", "is_honorific": false, "pronunciation": "", "phrase": [], "grammar": "", "translation": [2046, 79, 1991, 320, 286], "categories": []}, "model": "core.word", "pk": 79}, {"fields": {"word": "\u0f66\u0f7c\u0f42\u0f66\u0f0b\u0f54", "thl_phonetic_transcription": "sok.pa", "image": "", "thl_wylie_transliteration": "", "is_honorific": false, "pronunciation": "", "phrase": [], "grammar": "", "translation": [696, 695, 694, 693, 699, 80, 701, 703, 702, 691, 698, 704, 705, 697, 700], "categories": []}, "model": "core.word", "pk": 80}, {"fields": {"word": "\u0f50\u0f58\u0f66\u0f0b\u0f45\u0f51\u0f0b", "thl_phonetic_transcription": "tam.che", "image": "", "thl_wylie_transliteration": "", "is_honorific": false, "pronunciation": "", "phrase": [], "grammar": "", "translation": [1934, 81], "categories": []}, "model": "core.word", "pk": 81}, {"fields": {"word": "\u0f42\u0f53\u0f66\u0f0b", "thl_phonetic_transcription": "ne", "image": "", "thl_wylie_transliteration": "", "is_honorific": false, "pronunciation": "", "phrase": [], "grammar": "", "translation": [82, 1992, 322], "categories": []}, "model": "core.word", "pk": 82}, {"fields": {"word": "\u0f60\u0f51\u0f74\u0f66\u0f0b", "thl_phonetic_transcription": "du", "image": "", "thl_wylie_transliteration": "", "is_honorific": false, "pronunciation": "", "phrase": [], "grammar": "", "translation": [83, 728, 2039, 2040, 1993, 692, 323, 2041], "categories": []}, "model": "core.word", "pk": 83}, {"fields": {"codename": "add_logentry", "name": "Can add log entry", "content_type": 1}, "model": "auth.permission", "pk": 1}, {"fields": {"codename": "change_logentry", "name": "Can change log entry", "content_type": 1}, "model": "auth.permission", "pk": 2}, {"fields": {"codename": "delete_logentry", "name": "Can delete log entry", "content_type": 1}, "model": "auth.permission", "pk": 3}, {"fields": {"codename": "add_permission", "name": "Can add permission", "content_type": 2}, "model": "auth.permission", "pk": 4}, {"fields": {"codename": "change_permission", "name": "Can change permission", "content_type": 2}, "model": "auth.permission", "pk": 5}, {"fields": {"codename": "delete_permission", "name": "Can delete permission", "content_type": 2}, "model": "auth.permission", "pk": 6}, {"fields": {"codename": "add_group", "name": "Can add group", "content_type": 3}, "model": "auth.permission", "pk": 7}, {"fields": {"codename": "change_group", "name": "Can change group", "content_type": 3}, "model": "auth.permission", "pk": 8}, {"fields": {"codename": "delete_group", "name": "Can delete group", "content_type": 3}, "model": "auth.permission", "pk": 9}, {"fields": {"codename": "add_user", "name": "Can add user", "content_type": 4}, "model": "auth.permission", "pk": 10}, {"fields": {"codename": "change_user", "name": "Can change user", "content_type": 4}, "model": "auth.permission", "pk": 11}, {"fields": {"codename": "delete_user", "name": "Can delete user", "content_type": 4}, "model": "auth.permission", "pk": 12}, {"fields": {"codename": "add_contenttype", "name": "Can add content type", "content_type": 5}, "model": "auth.permission", "pk": 13}, {"fields": {"codename": "change_contenttype", "name": "Can change content type", "content_type": 5}, "model": "auth.permission", "pk": 14}, {"fields": {"codename": "delete_contenttype", "name": "Can delete content type", "content_type": 5}, "model": "auth.permission", "pk": 15}, {"fields": {"codename": "add_session", "name": "Can add session", "content_type": 6}, "model": "auth.permission", "pk": 16}, {"fields": {"codename": "change_session", "name": "Can change session", "content_type": 6}, "model": "auth.permission", "pk": 17}, {"fields": {"codename": "delete_session", "name": "Can delete session", "content_type": 6}, "model": "auth.permission", "pk": 18}, {"fields": {"codename": "add_category", "name": "Can add category", "content_type": 7}, "model": "auth.permission", "pk": 19}, {"fields": {"codename": "change_category", "name": "Can change category", "content_type": 7}, "model": "auth.permission", "pk": 20}, {"fields": {"codename": "delete_category", "name": "Can delete category", "content_type": 7}, "model": "auth.permission", "pk": 21}, {"fields": {"codename": "add_translation", "name": "Can add translation", "content_type": 8}, "model": "auth.permission", "pk": 22}, {"fields": {"codename": "change_translation", "name": "Can change translation", "content_type": 8}, "model": "auth.permission", "pk": 23}, {"fields": {"codename": "delete_translation", "name": "Can delete translation", "content_type": 8}, "model": "auth.permission", "pk": 24}, {"fields": {"codename": "add_phrase", "name": "Can add phrase", "content_type": 9}, "model": "auth.permission", "pk": 25}, {"fields": {"codename": "change_phrase", "name": "Can change phrase", "content_type": 9}, "model": "auth.permission", "pk": 26}, {"fields": {"codename": "delete_phrase", "name": "Can delete phrase", "content_type": 9}, "model": "auth.permission", "pk": 27}, {"fields": {"codename": "add_word", "name": "Can add word", "content_type": 10}, "model": "auth.permission", "pk": 28}, {"fields": {"codename": "change_word", "name": "Can change word", "content_type": 10}, "model": "auth.permission", "pk": 29}, {"fields": {"codename": "delete_word", "name": "Can delete word", "content_type": 10}, "model": "auth.permission", "pk": 30}, {"fields": {"codename": "add_score", "name": "Can add score", "content_type": 11}, "model": "auth.permission", "pk": 31}, {"fields": {"codename": "change_score", "name": "Can change score", "content_type": 11}, "model": "auth.permission", "pk": 32}, {"fields": {"codename": "delete_score", "name": "Can delete score", "content_type": 11}, "model": "auth.permission", "pk": 33}, {"fields": {"codename": "add_category", "name": "Can add category", "content_type": 12}, "model": "auth.permission", "pk": 34}, {"fields": {"codename": "change_category", "name": "Can change category", "content_type": 12}, "model": "auth.permission", "pk": 35}, {"fields": {"codename": "delete_category", "name": "Can delete category", "content_type": 12}, "model": "auth.permission", "pk": 36}, {"fields": {"codename": "add_translation", "name": "Can add translation", "content_type": 13}, "model": "auth.permission", "pk": 37}, {"fields": {"codename": "change_translation", "name": "Can change translation", "content_type": 13}, "model": "auth.permission", "pk": 38}, {"fields": {"codename": "delete_translation", "name": "Can delete translation", "content_type": 13}, "model": "auth.permission", "pk": 39}, {"fields": {"codename": "add_phrase", "name": "Can add phrase", "content_type": 14}, "model": "auth.permission", "pk": 40}, {"fields": {"codename": "change_phrase", "name": "Can change phrase", "content_type": 14}, "model": "auth.permission", "pk": 41}, {"fields": {"codename": "delete_phrase", "name": "Can delete phrase", "content_type": 14}, "model": "auth.permission", "pk": 42}, {"fields": {"codename": "add_word", "name": "Can add word", "content_type": 15}, "model": "auth.permission", "pk": 43}, {"fields": {"codename": "change_word", "name": "Can change word", "content_type": 15}, "model": "auth.permission", "pk": 44}, {"fields": {"codename": "delete_word", "name": "Can delete word", "content_type": 15}, "model": "auth.permission", "pk": 45}, {"fields": {"codename": "add_score", "name": "Can add score", "content_type": 16}, "model": "auth.permission", "pk": 46}, {"fields": {"codename": "change_score", "name": "Can change score", "content_type": 16}, "model": "auth.permission", "pk": 47}, {"fields": {"codename": "delete_score", "name": "Can delete score", "content_type": 16}, "model": "auth.permission", "pk": 48}, {"fields": {"username": "diego", "first_name": "", "last_name": "", "is_active": true, "is_superuser": true, "is_staff": true, "last_login": "2017-03-11T17:40:53.669Z", "groups": [], "user_permissions": [], "password": "pbkdf2_sha256$20000$MDR1QxBeUvVu$FUj5ptRck8/h0+qBxs3uY7NBt6kRU6ePYkdIkBAMJhM=", "email": "", "date_joined": "2016-01-26T09:50:07.244Z"}, "model": "auth.user", "pk": 1}, {"fields": {"username": "alberto", "first_name": "", "last_name": "", "is_active": true, "is_superuser": true, "is_staff": true, "last_login": "2016-11-25T22:10:25.394Z", "groups": [], "user_permissions": [], "password": "pbkdf2_sha256$20000$Hgd8VrtRLrrF$1XAQGNPYLD7CFWe4bvYVF8p797UyX0j50UtRKzsfH2Q=", "email": "", "date_joined": "2016-01-26T09:50:55Z"}, "model": "auth.user", "pk": 2}, {"fields": {"username": "arantxa", "first_name": "", "last_name": "", "is_active": true, "is_superuser": true, "is_staff": true, "last_login": "2016-02-14T12:35:23Z", "groups": [], "user_permissions": [], "password": "pbkdf2_sha256$20000$1a8UeWW6ZG9Y$gaBpkutqprpscGtpLxG8ZRK6kbw0CJLJmcWZf4/+Kdo=", "email": "", "date_joined": "2016-02-14T12:34:27Z"}, "model": "auth.user", "pk": 3}, {"fields": {"action_flag": 1, "action_time": "2016-01-26T09:50:55.904Z", "object_repr": "alberto", "object_id": "2", "change_message": "", "user": 1, "content_type": 4}, "model": "admin.logentry", "pk": 1}, {"fields": {"action_flag": 2, "action_time": "2016-01-26T09:51:28.343Z", "object_repr": "alberto", "object_id": "2", "change_message": "Modificado/a is_staff y is_superuser.", "user": 1, "content_type": 4}, "model": "admin.logentry", "pk": 2}, {"fields": {"action_flag": 1, "action_time": "2016-01-27T08:56:04.783Z", "object_repr": "prueba", "object_id": "1", "change_message": "", "user": 1, "content_type": 10}, "model": "admin.logentry", "pk": 3}, {"fields": {"action_flag": 3, "action_time": "2016-01-27T08:57:37.988Z", "object_repr": "prueba", "object_id": "1", "change_message": "", "user": 1, "content_type": 10}, "model": "admin.logentry", "pk": 4}, {"fields": {"action_flag": 1, "action_time": "2016-01-27T09:31:30.335Z", "object_repr": "prueba", "object_id": "2", "change_message": "", "user": 1, "content_type": 10}, "model": "admin.logentry", "pk": 5}, {"fields": {"action_flag": 1, "action_time": "2016-01-27T09:42:40.939Z", "object_repr": "hogar", "object_id": "1", "change_message": "", "user": 1, "content_type": 7}, "model": "admin.logentry", "pk": 6}, {"fields": {"action_flag": 1, "action_time": "2016-01-27T09:44:58.238Z", "object_repr": "manta", "object_id": "1", "change_message": "", "user": 1, "content_type": 8}, "model": "admin.logentry", "pk": 7}, {"fields": {"action_flag": 1, "action_time": "2016-01-27T09:45:04.812Z", "object_repr": "\u0f40\u0f58\u0f0b\u0f54\u0f0b\u0f63\u0f72\u0f0b", "object_id": "3", "change_message": "", "user": 1, "content_type": 10}, "model": "admin.logentry", "pk": 8}, {"fields": {"action_flag": 3, "action_time": "2016-01-27T09:45:15.433Z", "object_repr": "prueba", "object_id": "2", "change_message": "", "user": 1, "content_type": 10}, "model": "admin.logentry", "pk": 9}, {"fields": {"action_flag": 1, "action_time": "2016-01-28T08:42:41.117Z", "object_repr": "fruta", "object_id": "2", "change_message": "", "user": 1, "content_type": 7}, "model": "admin.logentry", "pk": 10}, {"fields": {"action_flag": 1, "action_time": "2016-01-28T08:43:34.951Z", "object_repr": "manzana", "object_id": "2", "change_message": "", "user": 1, "content_type": 8}, "model": "admin.logentry", "pk": 11}, {"fields": {"action_flag": 1, "action_time": "2016-01-28T08:43:40.313Z", "object_repr": "\u0f40\u0f74\u0f0b\u0f64\u0f74\u0f0b", "object_id": "4", "change_message": "", "user": 1, "content_type": 10}, "model": "admin.logentry", "pk": 12}, {"fields": {"action_flag": 1, "action_time": "2016-01-28T08:44:19.808Z", "object_repr": "arquitectura", "object_id": "3", "change_message": "", "user": 1, "content_type": 7}, "model": "admin.logentry", "pk": 13}, {"fields": {"action_flag": 1, "action_time": "2016-01-28T08:44:55.804Z", "object_repr": "pilar", "object_id": "3", "change_message": "", "user": 1, "content_type": 8}, "model": "admin.logentry", "pk": 14}, {"fields": {"action_flag": 1, "action_time": "2016-01-28T08:45:13.964Z", "object_repr": "columna", "object_id": "4", "change_message": "", "user": 1, "content_type": 8}, "model": "admin.logentry", "pk": 15}, {"fields": {"action_flag": 1, "action_time": "2016-01-28T08:45:17.812Z", "object_repr": "\u0f40\u0f0b\u0f56\u0f0b", "object_id": "5", "change_message": "", "user": 1, "content_type": 10}, "model": "admin.logentry", "pk": 16}, {"fields": {"action_flag": 1, "action_time": "2016-01-28T08:46:00.088Z", "object_repr": "cocina", "object_id": "4", "change_message": "", "user": 1, "content_type": 7}, "model": "admin.logentry", "pk": 17}, {"fields": {"action_flag": 1, "action_time": "2016-01-28T08:46:51.533Z", "object_repr": "tenedor", "object_id": "5", "change_message": "", "user": 1, "content_type": 8}, "model": "admin.logentry", "pk": 18}, {"fields": {"action_flag": 1, "action_time": "2016-01-28T08:48:22.968Z", "object_repr": "\u0f40\u0f44\u0f0b\u0f51\u0fb2\u0f0b", "object_id": "6", "change_message": "", "user": 1, "content_type": 10}, "model": "admin.logentry", "pk": 19}, {"fields": {"action_flag": 1, "action_time": "2016-01-28T08:48:56.165Z", "object_repr": "lengua", "object_id": "5", "change_message": "", "user": 1, "content_type": 7}, "model": "admin.logentry", "pk": 20}, {"fields": {"action_flag": 1, "action_time": "2016-01-28T08:49:35.900Z", "object_repr": "alfabeto", "object_id": "6", "change_message": "", "user": 1, "content_type": 8}, "model": "admin.logentry", "pk": 21}, {"fields": {"action_flag": 1, "action_time": "2016-01-28T08:50:01.326Z", "object_repr": "\u0f40\u0f0b\u0f41\u0f0b", "object_id": "7", "change_message": "", "user": 1, "content_type": 10}, "model": "admin.logentry", "pk": 22}, {"fields": {"action_flag": 1, "action_time": "2016-02-14T12:34:27.405Z", "object_repr": "arantxa", "object_id": "3", "change_message": "", "user": 2, "content_type": 4}, "model": "admin.logentry", "pk": 23}, {"fields": {"action_flag": 2, "action_time": "2016-02-14T12:35:01.259Z", "object_repr": "arantxa", "object_id": "3", "change_message": "Modificado/a is_staff.", "user": 2, "content_type": 4}, "model": "admin.logentry", "pk": 24}, {"fields": {"action_flag": 2, "action_time": "2016-02-14T12:40:20.690Z", "object_repr": "arantxa", "object_id": "3", "change_message": "Modificado/a is_superuser.", "user": 1, "content_type": 4}, "model": "admin.logentry", "pk": 25}, {"fields": {"action_flag": 1, "action_time": "2016-03-19T09:58:49.205Z", "object_repr": "Familia", "object_id": "6", "change_message": "", "user": 2, "content_type": 7}, "model": "admin.logentry", "pk": 26}, {"fields": {"action_flag": 1, "action_time": "2016-03-19T09:59:05.827Z", "object_repr": "padres", "object_id": "7", "change_message": "", "user": 2, "content_type": 8}, "model": "admin.logentry", "pk": 27}, {"fields": {"action_flag": 1, "action_time": "2016-03-19T09:59:13.648Z", "object_repr": "\u0f55\u0f0b\u0f58\u0f0d", "object_id": "8", "change_message": "", "user": 2, "content_type": 10}, "model": "admin.logentry", "pk": 28}, {"fields": {"action_flag": 1, "action_time": "2016-08-24T15:22:46.987Z", "object_repr": "familia", "object_id": "1", "change_message": "", "user": 1, "content_type": 12}, "model": "admin.logentry", "pk": 29}, {"fields": {"action_flag": 1, "action_time": "2016-08-24T15:22:55.779Z", "object_repr": "lengua", "object_id": "2", "change_message": "", "user": 1, "content_type": 12}, "model": "admin.logentry", "pk": 30}, {"fields": {"action_flag": 1, "action_time": "2016-08-24T15:23:06.103Z", "object_repr": "fruta", "object_id": "3", "change_message": "", "user": 1, "content_type": 12}, "model": "admin.logentry", "pk": 31}, {"fields": {"action_flag": 1, "action_time": "2016-08-24T15:23:18.614Z", "object_repr": "arquitectura", "object_id": "4", "change_message": "", "user": 1, "content_type": 12}, "model": "admin.logentry", "pk": 32}, {"fields": {"action_flag": 1, "action_time": "2016-08-24T15:23:33.381Z", "object_repr": "cocina", "object_id": "5", "change_message": "", "user": 1, "content_type": 12}, "model": "admin.logentry", "pk": 33}, {"fields": {"action_flag": 1, "action_time": "2016-08-24T15:23:52.543Z", "object_repr": "hogar", "object_id": "6", "change_message": "", "user": 1, "content_type": 12}, "model": "admin.logentry", "pk": 34}, {"fields": {"action_flag": 1, "action_time": "2016-08-24T15:25:00.922Z", "object_repr": "manzana", "object_id": "1", "change_message": "", "user": 1, "content_type": 13}, "model": "admin.logentry", "pk": 35}, {"fields": {"action_flag": 1, "action_time": "2016-08-24T15:25:12.337Z", "object_repr": "manta", "object_id": "2", "change_message": "", "user": 1, "content_type": 13}, "model": "admin.logentry", "pk": 36}, {"fields": {"action_flag": 1, "action_time": "2016-08-24T15:25:28.133Z", "object_repr": "alfabeto", "object_id": "3", "change_message": "", "user": 1, "content_type": 13}, "model": "admin.logentry", "pk": 37}, {"fields": {"action_flag": 1, "action_time": "2016-08-24T15:25:42.504Z", "object_repr": "pilar", "object_id": "4", "change_message": "", "user": 1, "content_type": 13}, "model": "admin.logentry", "pk": 38}, {"fields": {"action_flag": 1, "action_time": "2016-08-24T15:26:00.821Z", "object_repr": "columna", "object_id": "5", "change_message": "", "user": 1, "content_type": 13}, "model": "admin.logentry", "pk": 39}, {"fields": {"action_flag": 1, "action_time": "2016-08-24T15:26:25.219Z", "object_repr": "tenedor", "object_id": "6", "change_message": "", "user": 1, "content_type": 13}, "model": "admin.logentry", "pk": 40}, {"fields": {"action_flag": 1, "action_time": "2016-08-24T15:26:51.243Z", "object_repr": "\u0f40\u0f58\u0f0b\u0f54\u0f0b\u0f63\u0f72\u0f0b", "object_id": "1", "change_message": "", "user": 1, "content_type": 15}, "model": "admin.logentry", "pk": 41}, {"fields": {"action_flag": 1, "action_time": "2016-08-24T15:27:16.099Z", "object_repr": "\u0f40\u0f74\u0f0b\u0f64\u0f74\u0f0b", "object_id": "2", "change_message": "", "user": 1, "content_type": 15}, "model": "admin.logentry", "pk": 42}, {"fields": {"action_flag": 1, "action_time": "2016-08-24T15:27:36.998Z", "object_repr": "\u0f40\u0f0b\u0f56\u0f0b", "object_id": "3", "change_message": "", "user": 1, "content_type": 15}, "model": "admin.logentry", "pk": 43}, {"fields": {"action_flag": 1, "action_time": "2016-08-24T15:27:58.598Z", "object_repr": "\u0f40\u0f44\u0f0b\u0f51\u0fb2\u0f0b", "object_id": "4", "change_message": "", "user": 1, "content_type": 15}, "model": "admin.logentry", "pk": 44}, {"fields": {"action_flag": 1, "action_time": "2016-08-24T15:28:28.981Z", "object_repr": "\u0f40\u0f0b\u0f41\u0f0b", "object_id": "5", "change_message": "", "user": 1, "content_type": 15}, "model": "admin.logentry", "pk": 45}, {"fields": {"action_flag": 1, "action_time": "2016-11-25T22:13:24.367Z", "object_repr": "\u0f40\u0f60\u0f66\u0f60", "object_id": "7", "change_message": "", "user": 2, "content_type": 13}, "model": "admin.logentry", "pk": 46}, {"fields": {"action_flag": 1, "action_time": "2016-11-25T22:13:42.091Z", "object_repr": "casa", "object_id": "8", "change_message": "", "user": 2, "content_type": 13}, "model": "admin.logentry", "pk": 47}, {"fields": {"action_flag": 1, "action_time": "2016-11-25T22:13:56.690Z", "object_repr": "\u0f41\u0f44\u0f0b\u0f54\u0f0d", "object_id": "6", "change_message": "", "user": 2, "content_type": 15}, "model": "admin.logentry", "pk": 48}, {"fields": {"action_flag": 2, "action_time": "2016-11-25T22:14:11.522Z", "object_repr": "\u0f41\u0f44\u0f0b\u0f54\u0f0d", "object_id": "6", "change_message": "No ha cambiado ning\u00fan campo.", "user": 2, "content_type": 15}, "model": "admin.logentry", "pk": 49}, {"fields": {"action_flag": 3, "action_time": "2016-11-25T22:14:35.370Z", "object_repr": "\u0f40\u0f60\u0f66\u0f60", "object_id": "7", "change_message": "", "user": 2, "content_type": 13}, "model": "admin.logentry", "pk": 50}, {"fields": {"action_flag": 1, "action_time": "2016-11-25T22:17:57.932Z", "object_repr": "azul", "object_id": "9", "change_message": "", "user": 2, "content_type": 13}, "model": "admin.logentry", "pk": 51}, {"fields": {"action_flag": 1, "action_time": "2016-11-25T22:18:09.715Z", "object_repr": "blanco", "object_id": "10", "change_message": "", "user": 2, "content_type": 13}, "model": "admin.logentry", "pk": 52}, {"fields": {"action_flag": 1, "action_time": "2016-11-25T22:18:20.545Z", "object_repr": "amarillo", "object_id": "11", "change_message": "", "user": 2, "content_type": 13}, "model": "admin.logentry", "pk": 53}, {"fields": {"action_flag": 1, "action_time": "2016-11-25T22:18:47.699Z", "object_repr": "negro", "object_id": "12", "change_message": "", "user": 2, "content_type": 13}, "model": "admin.logentry", "pk": 54}, {"fields": {"action_flag": 1, "action_time": "2016-11-25T22:20:11.340Z", "object_repr": "\u0f66\u0f94\u0f7c\u0f53\u0f0b\u0f54\u0f7c\u0f0d", "object_id": "7", "change_message": "", "user": 2, "content_type": 15}, "model": "admin.logentry", "pk": 55}, {"fields": {"action_flag": 1, "action_time": "2016-11-25T22:23:06.217Z", "object_repr": "\u0f66\u0f7a\u0f62\u0f0b\u0f54\u0f7c\u0f0d", "object_id": "8", "change_message": "", "user": 2, "content_type": 15}, "model": "admin.logentry", "pk": 56}, {"fields": {"action_flag": 1, "action_time": "2016-11-25T22:23:59.516Z", "object_repr": "\u0f53\u0f42\u0f0b\u0f54\u0f7c\u0f0d", "object_id": "9", "change_message": "", "user": 2, "content_type": 15}, "model": "admin.logentry", "pk": 57}, {"fields": {"action_flag": 1, "action_time": "2016-11-25T22:24:53.061Z", "object_repr": "\u0f51\u0f40\u0f62\u0f0b\u0f54\u0f7c\u0f0d", "object_id": "10", "change_message": "", "user": 2, "content_type": 15}, "model": "admin.logentry", "pk": 58}, {"fields": {"action_flag": 1, "action_time": "2016-11-25T22:26:28.357Z", "object_repr": "monasterio", "object_id": "13", "change_message": "", "user": 2, "content_type": 13}, "model": "admin.logentry", "pk": 59}, {"fields": {"action_flag": 1, "action_time": "2016-11-25T22:26:30.126Z", "object_repr": "\u0f51\u0f42\u0f7c\u0f53\u0f0b\u0f54\u0f0d", "object_id": "11", "change_message": "", "user": 2, "content_type": 15}, "model": "admin.logentry", "pk": 60}, {"fields": {"action_flag": 1, "action_time": "2016-11-25T22:28:17.058Z", "object_repr": "Buda", "object_id": "14", "change_message": "", "user": 2, "content_type": 13}, "model": "admin.logentry", "pk": 61}, {"fields": {"action_flag": 1, "action_time": "2016-11-25T22:28:48.332Z", "object_repr": "\u0f66\u0f44\u0f66\u0f0b\u0f62\u0f92\u0fb1\u0f66\u0f0d", "object_id": "12", "change_message": "", "user": 2, "content_type": 15}, "model": "admin.logentry", "pk": 62}, {"fields": {"action_flag": 2, "action_time": "2016-11-27T15:53:01.456Z", "object_repr": "\u0f40\u0f58\u0f0b\u0f54\u0f0b\u0f63\u0f72\u0f0d", "object_id": "1", "change_message": "Modificado/a word.", "user": 2, "content_type": 15}, "model": "admin.logentry", "pk": 63}, {"fields": {"action_flag": 2, "action_time": "2016-11-27T15:53:26.256Z", "object_repr": "\u0f40\u0f74\u0f0b\u0f64\u0f74\u0f0d", "object_id": "2", "change_message": "Modificado/a word.", "user": 2, "content_type": 15}, "model": "admin.logentry", "pk": 64}, {"fields": {"action_flag": 2, "action_time": "2016-11-27T15:53:45.124Z", "object_repr": "\u0f40\u0f0b\u0f56\u0f0d", "object_id": "3", "change_message": "Modificado/a word.", "user": 2, "content_type": 15}, "model": "admin.logentry", "pk": 65}, {"fields": {"action_flag": 2, "action_time": "2016-11-27T15:55:15.084Z", "object_repr": "\u0f40\u0f44\u0f0b\u0f51\u0fb2\u0f0d", "object_id": "4", "change_message": "Modificado/a word.", "user": 2, "content_type": 15}, "model": "admin.logentry", "pk": 66}, {"fields": {"action_flag": 2, "action_time": "2016-11-27T15:55:37.461Z", "object_repr": "\u0f40\u0f0b\u0f41\u0f0d", "object_id": "5", "change_message": "Modificado/a word.", "user": 2, "content_type": 15}, "model": "admin.logentry", "pk": 67}, {"fields": {"action_flag": 2, "action_time": "2017-03-11T22:14:04.024Z", "object_repr": "\u0f60\u0f51\u0f74\u0f66\u0f0b", "object_id": "83", "change_message": "Modificado/a is_honorific y translation.", "user": 1, "content_type": 15}, "model": "admin.logentry", "pk": 68}, {"fields": {"action_flag": 2, "action_time": "2017-03-11T22:28:57.996Z", "object_repr": "\u0f51\u0f42", "object_id": "18", "change_message": "Modificado/a is_honorific y translation.", "user": 1, "content_type": 15}, "model": "admin.logentry", "pk": 69}, {"fields": {"action_flag": 2, "action_time": "2017-03-11T22:32:47.038Z", "object_repr": "\u0f51\u0f42", "object_id": "18", "change_message": "Modificado/a translation.", "user": 1, "content_type": 15}, "model": "admin.logentry", "pk": 70}, {"fields": {"action_flag": 2, "action_time": "2017-03-11T22:37:30.020Z", "object_repr": "\u0f53\u0f66", "object_id": "17", "change_message": "Modificado/a is_honorific y translation.", "user": 1, "content_type": 15}, "model": "admin.logentry", "pk": 71}, {"fields": {"action_flag": 2, "action_time": "2017-03-11T22:40:41.332Z", "object_repr": "\u0f40\u0f74\u0f53", "object_id": "19", "change_message": "Modificado/a is_honorific y translation.", "user": 1, "content_type": 15}, "model": "admin.logentry", "pk": 72}, {"fields": {"action_flag": 2, "action_time": "2017-03-11T22:42:12.953Z", "object_repr": "\u0f51\u0f42\u0f60", "object_id": "26", "change_message": "Modificado/a is_honorific y translation.", "user": 1, "content_type": 15}, "model": "admin.logentry", "pk": 73}, {"fields": {"action_flag": 2, "action_time": "2017-03-11T22:44:40.738Z", "object_repr": "\u0f51\u0f7c\u0f53", "object_id": "24", "change_message": "Modificado/a is_honorific y translation.", "user": 1, "content_type": 15}, "model": "admin.logentry", "pk": 74}, {"fields": {"action_flag": 2, "action_time": "2017-03-11T22:45:58.254Z", "object_repr": "\u0f58\u0f5b\u0f51", "object_id": "39", "change_message": "Modificado/a is_honorific y translation.", "user": 1, "content_type": 15}, "model": "admin.logentry", "pk": 75}, {"fields": {"action_flag": 2, "action_time": "2017-03-11T22:47:10.011Z", "object_repr": "\u0f60\u0f7c\u0f51", "object_id": "67", "change_message": "Modificado/a is_honorific y translation.", "user": 1, "content_type": 15}, "model": "admin.logentry", "pk": 76}, {"fields": {"action_flag": 2, "action_time": "2017-03-11T22:48:29.804Z", "object_repr": "\u0f63\u0f66\u0f0b", "object_id": "51", "change_message": "Modificado/a is_honorific y translation.", "user": 1, "content_type": 15}, "model": "admin.logentry", "pk": 77}, {"fields": {"action_flag": 3, "action_time": "2017-03-11T22:49:47.135Z", "object_repr": "etc", "object_id": "321", "change_message": "", "user": 1, "content_type": 13}, "model": "admin.logentry", "pk": 78}, {"fields": {"action_flag": 2, "action_time": "2017-03-11T22:56:06.076Z", "object_repr": "karma", "object_id": "51", "change_message": "Modificado/a language_code.", "user": 1, "content_type": 13}, "model": "admin.logentry", "pk": 79}, {"fields": {"action_flag": 2, "action_time": "2017-03-11T22:57:41.017Z", "object_repr": "karma", "object_id": "51", "change_message": "No ha cambiado ning\u00fan campo.", "user": 1, "content_type": 13}, "model": "admin.logentry", "pk": 80}, {"fields": {"action_flag": 1, "action_time": "2017-03-11T22:57:48.485Z", "object_repr": "karma", "object_id": "2079", "change_message": "", "user": 1, "content_type": 13}, "model": "admin.logentry", "pk": 81}, {"fields": {"action_flag": 2, "action_time": "2017-03-11T22:58:25.015Z", "object_repr": "\u0f63\u0f66\u0f0b", "object_id": "51", "change_message": "Modificado/a translation.", "user": 1, "content_type": 15}, "model": "admin.logentry", "pk": 82}, {"fields": {"action_flag": 2, "action_time": "2017-03-11T23:00:11.676Z", "object_repr": "\u0f63\u0f94\u0f0b", "object_id": "30", "change_message": "Modificado/a is_honorific y translation.", "user": 1, "content_type": 15}, "model": "admin.logentry", "pk": 83}, {"fields": {"action_flag": 2, "action_time": "2017-03-11T23:01:53.547Z", "object_repr": "\u0f42\u0f53\u0f66\u0f0b", "object_id": "82", "change_message": "Modificado/a is_honorific y translation.", "user": 1, "content_type": 15}, "model": "admin.logentry", "pk": 84}, {"fields": {"action_flag": 2, "action_time": "2017-03-11T23:03:41.730Z", "object_repr": "\u0f46\u0f51\u0f0b\u0f54", "object_id": "46", "change_message": "Modificado/a is_honorific y translation.", "user": 1, "content_type": 15}, "model": "admin.logentry", "pk": 85}, {"fields": {"action_flag": 2, "action_time": "2017-03-11T23:25:39.401Z", "object_repr": "\u0f46\u0f7c\u0f66\u0f0b", "object_id": "75", "change_message": "Modificado/a is_honorific y translation.", "user": 1, "content_type": 15}, "model": "admin.logentry", "pk": 86}, {"fields": {"action_flag": 2, "action_time": "2017-03-11T23:27:37.808Z", "object_repr": "\u0f56\u0f45\u0f7c\u0f58", "object_id": "43", "change_message": "Modificado/a is_honorific y translation.", "user": 1, "content_type": 15}, "model": "admin.logentry", "pk": 87}, {"fields": {"action_flag": 2, "action_time": "2017-03-11T23:29:48.924Z", "object_repr": "\u0f56\u0f4f\u0f74\u0f66", "object_id": "78", "change_message": "Modificado/a is_honorific y translation.", "user": 1, "content_type": 15}, "model": "admin.logentry", "pk": 88}, {"fields": {"action_flag": 2, "action_time": "2017-03-11T23:32:29.113Z", "object_repr": "\u0f56\u0f59\u0f63\u0f0b", "object_id": "60", "change_message": "Modificado/a is_honorific y translation.", "user": 1, "content_type": 15}, "model": "admin.logentry", "pk": 89}, {"fields": {"action_flag": 2, "action_time": "2017-03-11T23:34:56.735Z", "object_repr": "\u0f5e\u0f74\u0f58\u0f0b", "object_id": "64", "change_message": "Modificado/a is_honorific y translation.", "user": 1, "content_type": 15}, "model": "admin.logentry", "pk": 90}, {"fields": {"action_flag": 2, "action_time": "2017-03-11T23:35:51.734Z", "object_repr": "\u0f60\u0f42\u0fb2\u0f7c", "object_id": "29", "change_message": "Modificado/a is_honorific y translation.", "user": 1, "content_type": 15}, "model": "admin.logentry", "pk": 91}, {"fields": {"action_flag": 2, "action_time": "2017-03-11T23:36:34.069Z", "object_repr": "\u0f62\u0f92\u0fb1\u0f74", "object_id": "31", "change_message": "Modificado/a is_honorific y translation.", "user": 1, "content_type": 15}, "model": "admin.logentry", "pk": 92}, {"fields": {"action_flag": 2, "action_time": "2017-03-11T23:38:26.171Z", "object_repr": "\u0f66\u0f90\u0fb1\u0f7a", "object_id": "62", "change_message": "Modificado/a is_honorific y translation.", "user": 1, "content_type": 15}, "model": "admin.logentry", "pk": 93}, {"fields": {"action_flag": 2, "action_time": "2017-03-11T23:39:12.244Z", "object_repr": "\u0f66\u0f92\u0fb2\u0f0b", "object_id": "28", "change_message": "Modificado/a is_honorific y translation.", "user": 1, "content_type": 15}, "model": "admin.logentry", "pk": 94}, {"fields": {"action_flag": 2, "action_time": "2017-03-11T23:40:54.936Z", "object_repr": "\u0f42\u0f66\u0f7c\u0f42\u0f0b", "object_id": "70", "change_message": "Modificado/a is_honorific y translation.", "user": 1, "content_type": 15}, "model": "admin.logentry", "pk": 95}, {"fields": {"action_flag": 2, "action_time": "2017-03-11T23:41:43.142Z", "object_repr": "\u0f44\u0f7c\u0f0b\u0f56\u0f7c", "object_id": "73", "change_message": "Modificado/a is_honorific y translation.", "user": 1, "content_type": 15}, "model": "admin.logentry", "pk": 96}, {"fields": {"action_flag": 2, "action_time": "2017-03-11T23:43:01.458Z", "object_repr": "\u0f51\u0f42\u0f7a\u0f0b\u0f56", "object_id": "47", "change_message": "Modificado/a is_honorific y translation.", "user": 1, "content_type": 15}, "model": "admin.logentry", "pk": 97}, {"fields": {"action_flag": 2, "action_time": "2017-03-11T23:44:38.413Z", "object_repr": "\u0f51\u0f44\u0f44\u0f0b\u0f56", "object_id": "42", "change_message": "Modificado/a is_honorific y translation.", "user": 1, "content_type": 15}, "model": "admin.logentry", "pk": 98}, {"fields": {"action_flag": 2, "action_time": "2017-03-11T23:45:57.638Z", "object_repr": "\u0f56\u0f4f\u0f42\u0f66\u0f0b", "object_id": "72", "change_message": "Modificado/a is_honorific y translation.", "user": 1, "content_type": 15}, "model": "admin.logentry", "pk": 99}, {"fields": {"action_flag": 2, "action_time": "2017-03-11T23:47:26.869Z", "object_repr": "\u0f56\u0f5f\u0f7c\u0f51\u0f0b", "object_id": "66", "change_message": "Modificado/a is_honorific y translation.", "user": 1, "content_type": 15}, "model": "admin.logentry", "pk": 100}, {"fields": {"action_flag": 2, "action_time": "2017-03-11T23:48:26.457Z", "object_repr": "\u0f56\u0fb1\u0f0b\u0f56\u0f0b", "object_id": "32", "change_message": "Modificado/a is_honorific y translation.", "user": 1, "content_type": 15}, "model": "admin.logentry", "pk": 101}, {"fields": {"action_flag": 2, "action_time": "2017-03-11T23:49:55.995Z", "object_repr": "\u0f56\u0fb1\u0f7a\u0f51\u0f0b", "object_id": "33", "change_message": "Modificado/a is_honorific y translation.", "user": 1, "content_type": 15}, "model": "admin.logentry", "pk": 102}, {"fields": {"action_flag": 2, "action_time": "2017-03-11T23:51:50.833Z", "object_repr": "\u0f5a\u0f72\u0f58\u0f0b\u0f54", "object_id": "61", "change_message": "Modificado/a is_honorific y translation.", "user": 1, "content_type": 15}, "model": "admin.logentry", "pk": 103}, {"fields": {"action_flag": 2, "action_time": "2017-03-11T23:54:00.312Z", "object_repr": "\u0f60\u0f51\u0f74\u0f66\u0f0b", "object_id": "83", "change_message": "Modificado/a translation.", "user": 1, "content_type": 15}, "model": "admin.logentry", "pk": 104}, {"fields": {"action_flag": 2, "action_time": "2017-03-11T23:55:05.081Z", "object_repr": "\u0f62\u0fa9\u0f0b\u0f56\u0f0b", "object_id": "48", "change_message": "Modificado/a is_honorific y translation.", "user": 1, "content_type": 15}, "model": "admin.logentry", "pk": 105}, {"fields": {"action_flag": 2, "action_time": "2017-03-11T23:56:35.224Z", "object_repr": "\u0f64\u0f72\u0f44\u0f0b\u0f40", "object_id": "23", "change_message": "Modificado/a is_honorific y translation.", "user": 1, "content_type": 15}, "model": "admin.logentry", "pk": 106}, {"fields": {"action_flag": 2, "action_time": "2017-03-11T23:58:59.191Z", "object_repr": "saber un tema", "object_id": "314", "change_message": "Modificado/a translation.", "user": 1, "content_type": 13}, "model": "admin.logentry", "pk": 107}, {"fields": {"action_flag": 2, "action_time": "2017-03-11T23:59:39.335Z", "object_repr": "\u0f64\u0f7a\u0f66\u0f0b\u0f54", "object_id": "68", "change_message": "Modificado/a is_honorific y translation.", "user": 1, "content_type": 15}, "model": "admin.logentry", "pk": 108}, {"fields": {"action_flag": 2, "action_time": "2017-03-12T00:01:22.520Z", "object_repr": "\u0f66\u0f7c\u0f44\u0f0b\u0f56", "object_id": "69", "change_message": "Modificado/a is_honorific y translation.", "user": 1, "content_type": 15}, "model": "admin.logentry", "pk": 109}, {"fields": {"action_flag": 2, "action_time": "2017-03-12T00:02:21.650Z", "object_repr": "\u0f66\u0f7c\u0f44\u0f0b\u0f56", "object_id": "69", "change_message": "Modificado/a translation.", "user": 1, "content_type": 15}, "model": "admin.logentry", "pk": 110}, {"fields": {"action_flag": 2, "action_time": "2017-03-12T00:06:37.828Z", "object_repr": "\u0f66\u0f90\u0fb2\u0f42\u0f0b", "object_id": "38", "change_message": "Modificado/a is_honorific y translation.", "user": 1, "content_type": 15}, "model": "admin.logentry", "pk": 111}, {"fields": {"action_flag": 1, "action_time": "2017-03-12T00:07:31.231Z", "object_repr": "terror", "object_id": "2080", "change_message": "", "user": 1, "content_type": 13}, "model": "admin.logentry", "pk": 112}, {"fields": {"action_flag": 2, "action_time": "2017-03-12T00:08:25.736Z", "object_repr": "\u0f66\u0f90\u0fb2\u0f42\u0f0b", "object_id": "38", "change_message": "Modificado/a translation.", "user": 1, "content_type": 15}, "model": "admin.logentry", "pk": 113}, {"fields": {"action_flag": 2, "action_time": "2017-03-12T00:10:25.154Z", "object_repr": "\u0f51\u0f40\u0f62\u0f0b\u0f54\u0f7c", "object_id": "45", "change_message": "Modificado/a is_honorific y translation.", "user": 1, "content_type": 15}, "model": "admin.logentry", "pk": 114}, {"fields": {"action_flag": 2, "action_time": "2017-03-12T00:10:54.251Z", "object_repr": "white", "object_id": "1959", "change_message": "Modificado/a translation.", "user": 1, "content_type": 13}, "model": "admin.logentry", "pk": 115}, {"fields": {"action_flag": 2, "action_time": "2017-03-12T00:12:41.428Z", "object_repr": "\u0f56\u0f5f\u0f44\u0f0b\u0f54\u0f7c", "object_id": "65", "change_message": "Modificado/a is_honorific y translation.", "user": 1, "content_type": 15}, "model": "admin.logentry", "pk": 116}, {"fields": {"action_flag": 2, "action_time": "2017-03-12T00:14:03.654Z", "object_repr": "\u0f58\u0f41\u0fb1\u0f7a\u0f53\u0f0b", "object_id": "21", "change_message": "Modificado/a is_honorific y translation.", "user": 1, "content_type": 15}, "model": "admin.logentry", "pk": 117}, {"fields": {"action_flag": 2, "action_time": "2017-03-12T00:15:26.849Z", "object_repr": "\u0f60\u0f5b\u0f72\u0f53\u0f0b\u0f54", "object_id": "63", "change_message": "Modificado/a is_honorific y translation.", "user": 1, "content_type": 15}, "model": "admin.logentry", "pk": 118}, {"fields": {"action_flag": 2, "action_time": "2017-03-12T00:17:10.818Z", "object_repr": "\u0f64\u0f72\u0f44\u0f0b\u0f54\u0f0b", "object_id": "22", "change_message": "Modificado/a is_honorific y translation.", "user": 1, "content_type": 15}, "model": "admin.logentry", "pk": 119}, {"fields": {"action_flag": 3, "action_time": "2017-03-12T00:19:03.480Z", "object_repr": "confusion", "object_id": "2048", "change_message": "", "user": 1, "content_type": 13}, "model": "admin.logentry", "pk": 120}, {"fields": {"action_flag": 3, "action_time": "2017-03-12T00:19:03.513Z", "object_repr": "desanimo", "object_id": "526", "change_message": "", "user": 1, "content_type": 13}, "model": "admin.logentry", "pk": 121}, {"fields": {"action_flag": 2, "action_time": "2017-03-12T08:39:19.068Z", "object_repr": "\u0f60\u0f41\u0fb2\u0f74\u0f42\u0f66\u0f0b\u0f54\u0f0b", "object_id": "40", "change_message": "Modificado/a is_honorific y translation.", "user": 1, "content_type": 15}, "model": "admin.logentry", "pk": 122}, {"fields": {"action_flag": 2, "action_time": "2017-03-12T08:40:55.488Z", "object_repr": "\u0f66\u0f99\u0f72\u0f44\u0f0b\u0f54\u0f7c\u0f0b", "object_id": "25", "change_message": "Modificado/a is_honorific y translation.", "user": 1, "content_type": 15}, "model": "admin.logentry", "pk": 123}, {"fields": {"action_flag": 2, "action_time": "2017-03-12T08:42:12.746Z", "object_repr": "\u0f62\u0f9f\u0f7c\u0f42\u0f66\u0f0b\u0f54\u0f0b", "object_id": "79", "change_message": "Modificado/a is_honorific y translation.", "user": 1, "content_type": 15}, "model": "admin.logentry", "pk": 124}, {"fields": {"action_flag": 2, "action_time": "2017-03-12T08:43:54.317Z", "object_repr": "\u0f60\u0f51\u0fb2\u0f7a\u0f66\u0f0b\u0f54\u0f0b", "object_id": "55", "change_message": "Modificado/a is_honorific y translation.", "user": 1, "content_type": 15}, "model": "admin.logentry", "pk": 125}, {"fields": {"action_flag": 2, "action_time": "2017-03-12T08:45:53.091Z", "object_repr": "\u0f60\u0f47\u0f7c\u0f58\u0f66\u0f0b\u0f54\u0f0b", "object_id": "49", "change_message": "Modificado/a is_honorific y translation.", "user": 1, "content_type": 15}, "model": "admin.logentry", "pk": 126}, {"fields": {"action_flag": 2, "action_time": "2017-03-12T08:48:24.298Z", "object_repr": "\u0f60\u0f42\u0fb1\u0f74\u0f62\u0f0b\u0f56\u0f0b", "object_id": "41", "change_message": "Modificado/a is_honorific y translation.", "user": 1, "content_type": 15}, "model": "admin.logentry", "pk": 127}, {"fields": {"action_flag": 2, "action_time": "2017-03-12T08:49:23.164Z", "object_repr": "transformar", "object_id": "293", "change_message": "Modificado/a translation.", "user": 1, "content_type": 13}, "model": "admin.logentry", "pk": 128}, {"fields": {"action_flag": 2, "action_time": "2017-03-12T08:53:13.720Z", "object_repr": "\u0f58\u0f5a\u0f53\u0f0b\u0f49\u0f72\u0f51\u0f0b", "object_id": "77", "change_message": "Modificado/a is_honorific y translation.", "user": 1, "content_type": 15}, "model": "admin.logentry", "pk": 129}, {"fields": {"action_flag": 2, "action_time": "2017-03-12T08:54:51.993Z", "object_repr": "\u0f58\u0f5a\u0f53\u0f0b\u0f49\u0f72\u0f51\u0f0b", "object_id": "77", "change_message": "Modificado/a translation.", "user": 1, "content_type": 15}, "model": "admin.logentry", "pk": 130}, {"fields": {"action_flag": 2, "action_time": "2017-03-12T08:55:28.231Z", "object_repr": "\u0f58\u0f0b\u0f62\u0f72\u0f42\u0f0b\u0f54\u0f0b", "object_id": "76", "change_message": "Modificado/a is_honorific y translation.", "user": 1, "content_type": 15}, "model": "admin.logentry", "pk": 131}, {"fields": {"action_flag": 2, "action_time": "2017-03-12T08:56:30.449Z", "object_repr": "\u0f49\u0f7c\u0f53\u0f0b\u0f58\u0f7c\u0f44\u0f66", "object_id": "35", "change_message": "Modificado/a is_honorific y translation.", "user": 1, "content_type": 15}, "model": "admin.logentry", "pk": 132}, {"fields": {"action_flag": 2, "action_time": "2017-03-12T08:59:23.994Z", "object_repr": "\u0f46\u0f7c\u0f66\u0f0b\u0f62\u0fa3\u0f58\u0f66", "object_id": "44", "change_message": "Modificado/a is_honorific y translation.", "user": 1, "content_type": 15}, "model": "admin.logentry", "pk": 133}, {"fields": {"action_flag": 2, "action_time": "2017-03-12T09:00:28.718Z", "object_repr": "\u0f46\u0f7c\u0f66\u0f0b\u0f62\u0fa3\u0f58\u0f66", "object_id": "44", "change_message": "Modificado/a translation.", "user": 1, "content_type": 15}, "model": "admin.logentry", "pk": 134}, {"fields": {"action_flag": 2, "action_time": "2017-03-12T09:04:44.033Z", "object_repr": "\u0f66\u0fa6\u0fb1\u0f7c\u0f62\u0f0b\u0f56", "object_id": "58", "change_message": "Modificado/a is_honorific y translation.", "user": 1, "content_type": 15}, "model": "admin.logentry", "pk": 135}, {"fields": {"action_flag": 2, "action_time": "2017-03-12T09:06:49.459Z", "object_repr": "\u0f66\u0fa6\u0fb1\u0f7c\u0f62\u0f0b\u0f56", "object_id": "58", "change_message": "Modificado/a translation.", "user": 1, "content_type": 15}, "model": "admin.logentry", "pk": 136}, {"fields": {"action_flag": 2, "action_time": "2017-03-12T09:07:46.321Z", "object_repr": "\u0f66\u0f90\u0fb1\u0f7a\u0f51\u0f0b\u0f54", "object_id": "36", "change_message": "Modificado/a is_honorific y translation.", "user": 1, "content_type": 15}, "model": "admin.logentry", "pk": 137}, {"fields": {"action_flag": 1, "action_time": "2017-03-12T09:10:56.943Z", "object_repr": "ilusi\u00f3n", "object_id": "2081", "change_message": "", "user": 1, "content_type": 13}, "model": "admin.logentry", "pk": 138}, {"fields": {"action_flag": 1, "action_time": "2017-03-12T09:12:29.230Z", "object_repr": "confusion", "object_id": "2082", "change_message": "", "user": 1, "content_type": 13}, "model": "admin.logentry", "pk": 139}, {"fields": {"action_flag": 2, "action_time": "2017-03-12T09:12:57.537Z", "object_repr": "\u0f62\u0fa8\u0f7c\u0f44\u0f66\u0f0b\u0f54", "object_id": "59", "change_message": "Modificado/a is_honorific y translation.", "user": 1, "content_type": 15}, "model": "admin.logentry", "pk": 140}, {"fields": {"action_flag": 2, "action_time": "2017-03-12T09:15:20.039Z", "object_repr": "\u0f62\u0f9f\u0f7c\u0f42\u0f0b\u0f54\u0f0b", "object_id": "50", "change_message": "Modificado/a is_honorific y translation.", "user": 1, "content_type": 15}, "model": "admin.logentry", "pk": 141}, {"fields": {"action_flag": 2, "action_time": "2017-03-12T09:16:56.514Z", "object_repr": "\u0f62\u0f9f\u0f7c\u0f42\u0f0b\u0f54\u0f0b", "object_id": "50", "change_message": "Modificado/a translation.", "user": 1, "content_type": 15}, "model": "admin.logentry", "pk": 142}, {"fields": {"action_flag": 2, "action_time": "2017-03-12T09:23:47.710Z", "object_repr": "\u0f62\u0f44\u0f0b\u0f56\u0f5e\u0f72\u0f53", "object_id": "74", "change_message": "Modificado/a is_honorific y translation.", "user": 1, "content_type": 15}, "model": "admin.logentry", "pk": 143}, {"fields": {"action_flag": 2, "action_time": "2017-03-12T09:27:12.863Z", "object_repr": "\u0f60\u0f51\u0fb2\u0f7a\u0f53\u0f0b\u0f54", "object_id": "54", "change_message": "Modificado/a is_honorific y translation.", "user": 1, "content_type": 15}, "model": "admin.logentry", "pk": 144}, {"fields": {"action_flag": 2, "action_time": "2017-03-12T09:28:50.914Z", "object_repr": "\u0f60\u0f41\u0f7c\u0f62\u0f0b\u0f56\u0f0b", "object_id": "16", "change_message": "Modificado/a is_honorific y translation.", "user": 1, "content_type": 15}, "model": "admin.logentry", "pk": 145}, {"fields": {"action_flag": 2, "action_time": "2017-03-12T09:32:03.998Z", "object_repr": "\u0f5a\u0f7c\u0f42\u0f66\u0f0b\u0f54\u0f0b", "object_id": "27", "change_message": "Modificado/a is_honorific y translation.", "user": 1, "content_type": 15}, "model": "admin.logentry", "pk": 146}, {"fields": {"action_flag": 3, "action_time": "2017-03-12T09:32:42.455Z", "object_repr": "execelente", "object_id": "667", "change_message": "", "user": 1, "content_type": 13}, "model": "admin.logentry", "pk": 147}, {"fields": {"action_flag": 2, "action_time": "2017-03-12T09:32:53.571Z", "object_repr": "existence", "object_id": "1931", "change_message": "Modificado/a translation.", "user": 1, "content_type": 13}, "model": "admin.logentry", "pk": 148}, {"fields": {"action_flag": 2, "action_time": "2017-03-12T09:33:24.996Z", "object_repr": "excellent", "object_id": "1942", "change_message": "Modificado/a translation.", "user": 1, "content_type": 13}, "model": "admin.logentry", "pk": 149}, {"fields": {"action_flag": 2, "action_time": "2017-03-12T09:37:05.693Z", "object_repr": "\u0f56\u0f66\u0fb2\u0f74\u0f44\u0f0b\u0f56", "object_id": "71", "change_message": "Modificado/a translation.", "user": 1, "content_type": 15}, "model": "admin.logentry", "pk": 150}, {"fields": {"action_flag": 2, "action_time": "2017-03-12T09:49:45.986Z", "object_repr": "\u0f56\u0f66\u0f9f\u0f53\u0f0b\u0f54\u0f0b", "object_id": "53", "change_message": "Modificado/a is_honorific y translation.", "user": 1, "content_type": 15}, "model": "admin.logentry", "pk": 151}, {"fields": {"action_flag": 2, "action_time": "2017-03-12T09:52:04.114Z", "object_repr": "\u0f56\u0f62\u0f97\u0f7c\u0f51\u0f0b\u0f54", "object_id": "34", "change_message": "Modificado/a is_honorific y translation.", "user": 1, "content_type": 15}, "model": "admin.logentry", "pk": 152}, {"fields": {"action_flag": 2, "action_time": "2017-03-12T09:54:17.614Z", "object_repr": "\u0f56\u0f62\u0f97\u0f7c\u0f51\u0f0b\u0f54", "object_id": "34", "change_message": "Modificado/a translation.", "user": 1, "content_type": 15}, "model": "admin.logentry", "pk": 153}, {"fields": {"action_flag": 2, "action_time": "2017-03-12T09:55:37.968Z", "object_repr": "\u0f51\u0f40\u0fb2\u0f72\u0f66\u0f0b\u0f54", "object_id": "20", "change_message": "Modificado/a is_honorific y translation.", "user": 1, "content_type": 15}, "model": "admin.logentry", "pk": 154}, {"fields": {"action_flag": 2, "action_time": "2017-03-12T09:57:28.330Z", "object_repr": "\u0f50\u0f58\u0f66\u0f0b\u0f45\u0f51\u0f0b", "object_id": "81", "change_message": "Modificado/a is_honorific, thl_phonetic_transcription y translation.", "user": 1, "content_type": 15}, "model": "admin.logentry", "pk": 155}, {"fields": {"action_flag": 2, "action_time": "2017-03-12T10:00:02.000Z", "object_repr": "\u0f66\u0fa4\u0fb1\u0f7c\u0f51\u0f0b", "object_id": "57", "change_message": "Modificado/a is_honorific y translation.", "user": 1, "content_type": 15}, "model": "admin.logentry", "pk": 156}, {"fields": {"action_flag": 2, "action_time": "2017-03-12T10:02:34.005Z", "object_repr": "\u0f66\u0fa3\u0f44\u0f0b\u0f56\u0f0b", "object_id": "56", "change_message": "Modificado/a is_honorific y translation.", "user": 1, "content_type": 15}, "model": "admin.logentry", "pk": 157}, {"fields": {"action_flag": 2, "action_time": "2017-03-12T10:03:49.960Z", "object_repr": "\u0f66\u0f9f\u0f7c\u0f53\u0f0b\u0f54", "object_id": "52", "change_message": "Modificado/a is_honorific y translation.", "user": 1, "content_type": 15}, "model": "admin.logentry", "pk": 158}, {"fields": {"action_flag": 2, "action_time": "2017-03-12T10:04:55.814Z", "object_repr": "\u0f66\u0f90\u0fb1\u0f7c\u0f0b\u0f56", "object_id": "37", "change_message": "Modificado/a is_honorific y translation.", "user": 1, "content_type": 15}, "model": "admin.logentry", "pk": 159}, {"fields": {"action_flag": 1, "action_time": "2017-03-12T10:07:50.262Z", "object_repr": "weariness", "object_id": "2083", "change_message": "", "user": 1, "content_type": 13}, "model": "admin.logentry", "pk": 160}, {"fields": {"action_flag": 2, "action_time": "2017-03-12T10:07:56.463Z", "object_repr": "\u0f66\u0f90\u0fb1\u0f7c\u0f0b\u0f56", "object_id": "37", "change_message": "Modificado/a translation.", "user": 1, "content_type": 15}, "model": "admin.logentry", "pk": 161}, {"fields": {"action_flag": 2, "action_time": "2017-03-12T10:08:55.265Z", "object_repr": "sorrow", "object_id": "2003", "change_message": "Modificado/a translation.", "user": 1, "content_type": 13}, "model": "admin.logentry", "pk": 162}, {"fields": {"action_flag": 2, "action_time": "2017-03-12T10:13:49.155Z", "object_repr": "\u0f66\u0f7c\u0f42\u0f66\u0f0b\u0f54", "object_id": "80", "change_message": "Modificado/a is_honorific, thl_phonetic_transcription y translation.", "user": 1, "content_type": 15}, "model": "admin.logentry", "pk": 163}, {"fields": {"action_flag": 2, "action_time": "2017-03-12T10:23:26.562Z", "object_repr": "\u0f46\u0f7c\u0f66\u0f0b\u0f62\u0fa3\u0f58\u0f66", "object_id": "44", "change_message": "Modificado/a translation.", "user": 1, "content_type": 15}, "model": "admin.logentry", "pk": 164}, {"fields": {"action_flag": 2, "action_time": "2017-03-12T10:24:30.919Z", "object_repr": "teachings of Buda", "object_id": "1958", "change_message": "Modificado/a translation.", "user": 1, "content_type": 13}, "model": "admin.logentry", "pk": 165}, {"fields": {"action_flag": 1, "action_time": "2017-03-12T10:25:36.075Z", "object_repr": "Dharma", "object_id": "2084", "change_message": "", "user": 1, "content_type": 13}, "model": "admin.logentry", "pk": 166}, {"fields": {"action_flag": 2, "action_time": "2017-03-12T10:25:49.678Z", "object_repr": "\u0f46\u0f7c\u0f66\u0f0b\u0f62\u0fa3\u0f58\u0f66", "object_id": "44", "change_message": "Modificado/a translation.", "user": 1, "content_type": 15}, "model": "admin.logentry", "pk": 167}]