[
{
  "model": "contenttypes.contenttype",
  "pk": 1,
  "fields": {
    "app_label": "admin",
    "model": "logentry"
  }
},
{
  "model": "contenttypes.contenttype",
  "pk": 2,
  "fields": {
    "app_label": "auth",
    "model": "permission"
  }
},
{
  "model": "contenttypes.contenttype",
  "pk": 3,
  "fields": {
    "app_label": "auth",
    "model": "group"
  }
},
{
  "model": "contenttypes.contenttype",
  "pk": 4,
  "fields": {
    "app_label": "auth",
    "model": "user"
  }
},
{
  "model": "contenttypes.contenttype",
  "pk": 5,
  "fields": {
    "app_label": "contenttypes",
    "model": "contenttype"
  }
},
{
  "model": "contenttypes.contenttype",
  "pk": 6,
  "fields": {
    "app_label": "sessions",
    "model": "session"
  }
},
{
  "model": "contenttypes.contenttype",
  "pk": 7,
  "fields": {
    "app_label": "vocabulary_game",
    "model": "category"
  }
},
{
  "model": "contenttypes.contenttype",
  "pk": 8,
  "fields": {
    "app_label": "vocabulary_game",
    "model": "translation"
  }
},
{
  "model": "contenttypes.contenttype",
  "pk": 9,
  "fields": {
    "app_label": "vocabulary_game",
    "model": "phrase"
  }
},
{
  "model": "contenttypes.contenttype",
  "pk": 10,
  "fields": {
    "app_label": "vocabulary_game",
    "model": "word"
  }
},
{
  "model": "contenttypes.contenttype",
  "pk": 11,
  "fields": {
    "app_label": "vocabulary_game",
    "model": "score"
  }
},
{
  "model": "contenttypes.contenttype",
  "pk": 12,
  "fields": {
    "app_label": "core",
    "model": "category"
  }
},
{
  "model": "contenttypes.contenttype",
  "pk": 13,
  "fields": {
    "app_label": "core",
    "model": "translation"
  }
},
{
  "model": "contenttypes.contenttype",
  "pk": 14,
  "fields": {
    "app_label": "core",
    "model": "phrase"
  }
},
{
  "model": "contenttypes.contenttype",
  "pk": 15,
  "fields": {
    "app_label": "core",
    "model": "word"
  }
},
{
  "model": "contenttypes.contenttype",
  "pk": 16,
  "fields": {
    "app_label": "core",
    "model": "score"
  }
},
{
  "model": "sessions.session",
  "pk": "6knrhoji77a0br0u2zmfbe9gyy7eq1gx",
  "fields": {
    "session_data": "MmYwZWI1ZjkzMzdkNTYwNjU0MjYwYTU3MmNlYmYzOTYyODU0NTBjMjp7Il9hdXRoX3VzZXJfaGFzaCI6IjhlYjVlMDVhZDRmNTU3ZTA4ZTNmNzYyNjBmZmY5YmU5ZmJhM2Y1ZTgiLCJfYXV0aF91c2VyX2JhY2tlbmQiOiJkamFuZ28uY29udHJpYi5hdXRoLmJhY2tlbmRzLk1vZGVsQmFja2VuZCIsIl9hdXRoX3VzZXJfaWQiOiIxIn0=",
    "expire_date": "2016-02-12T18:05:50.336Z"
  }
},
{
  "model": "sessions.session",
  "pk": "7067chz3b9hoag10urh0jzttfgovunjk",
  "fields": {
    "session_data": "MmYwZWI1ZjkzMzdkNTYwNjU0MjYwYTU3MmNlYmYzOTYyODU0NTBjMjp7Il9hdXRoX3VzZXJfaGFzaCI6IjhlYjVlMDVhZDRmNTU3ZTA4ZTNmNzYyNjBmZmY5YmU5ZmJhM2Y1ZTgiLCJfYXV0aF91c2VyX2JhY2tlbmQiOiJkamFuZ28uY29udHJpYi5hdXRoLmJhY2tlbmRzLk1vZGVsQmFja2VuZCIsIl9hdXRoX3VzZXJfaWQiOiIxIn0=",
    "expire_date": "2017-03-25T17:40:53.675Z"
  }
},
{
  "model": "sessions.session",
  "pk": "7y2k9e2jw2wmjckuxegnwtajkiu2edgj",
  "fields": {
    "session_data": "YWEyMjA5N2IxYTQ3OGUzMTVjNzllMzQ2YWUzNzgyNDRhZGY2MjdmZTp7Il9hdXRoX3VzZXJfaGFzaCI6IjBmZWQ2YTE2OWFlNGUyNjlmYWJkOWYxODMyNDkwYTViYzM4OGM1YTciLCJfYXV0aF91c2VyX2JhY2tlbmQiOiJkamFuZ28uY29udHJpYi5hdXRoLmJhY2tlbmRzLk1vZGVsQmFja2VuZCIsIl9hdXRoX3VzZXJfaWQiOiIyIn0=",
    "expire_date": "2016-12-09T22:08:10.394Z"
  }
},
{
  "model": "sessions.session",
  "pk": "c8i7qj0tajkc7wle8xnknt0jbyujugw4",
  "fields": {
    "session_data": "NzY2ZGJlNTg4YmMxMjY2OTg0MDlmNzA0MDVmYzExYjA2ZjQ1Mzg3MTp7Il9hdXRoX3VzZXJfYmFja2VuZCI6ImRqYW5nby5jb250cmliLmF1dGguYmFja2VuZHMuTW9kZWxCYWNrZW5kIiwiX2F1dGhfdXNlcl9pZCI6IjIiLCJfYXV0aF91c2VyX2hhc2giOiJkOTZlYjg3YjU2ZTU0ZGMyODRlNmU3YzA4NDI2MWNmMGNiOWM0M2M4In0=",
    "expire_date": "2018-03-11T01:21:08.170Z"
  }
},
{
  "model": "sessions.session",
  "pk": "hdnfd7qr80xnpm9aimh8dwmnhrmsvywf",
  "fields": {
    "session_data": "YWEyMjA5N2IxYTQ3OGUzMTVjNzllMzQ2YWUzNzgyNDRhZGY2MjdmZTp7Il9hdXRoX3VzZXJfaGFzaCI6IjBmZWQ2YTE2OWFlNGUyNjlmYWJkOWYxODMyNDkwYTViYzM4OGM1YTciLCJfYXV0aF91c2VyX2JhY2tlbmQiOiJkamFuZ28uY29udHJpYi5hdXRoLmJhY2tlbmRzLk1vZGVsQmFja2VuZCIsIl9hdXRoX3VzZXJfaWQiOiIyIn0=",
    "expire_date": "2016-04-02T09:56:21.679Z"
  }
},
{
  "model": "sessions.session",
  "pk": "jamqjl1vn63mmn0brscdhphl4ckebxtl",
  "fields": {
    "session_data": "YWEyMjA5N2IxYTQ3OGUzMTVjNzllMzQ2YWUzNzgyNDRhZGY2MjdmZTp7Il9hdXRoX3VzZXJfaGFzaCI6IjBmZWQ2YTE2OWFlNGUyNjlmYWJkOWYxODMyNDkwYTViYzM4OGM1YTciLCJfYXV0aF91c2VyX2JhY2tlbmQiOiJkamFuZ28uY29udHJpYi5hdXRoLmJhY2tlbmRzLk1vZGVsQmFja2VuZCIsIl9hdXRoX3VzZXJfaWQiOiIyIn0=",
    "expire_date": "2016-12-09T22:10:25.404Z"
  }
},
{
  "model": "sessions.session",
  "pk": "ktms6dupeghhnojanrekheuyq71thczq",
  "fields": {
    "session_data": "MmYwZWI1ZjkzMzdkNTYwNjU0MjYwYTU3MmNlYmYzOTYyODU0NTBjMjp7Il9hdXRoX3VzZXJfaGFzaCI6IjhlYjVlMDVhZDRmNTU3ZTA4ZTNmNzYyNjBmZmY5YmU5ZmJhM2Y1ZTgiLCJfYXV0aF91c2VyX2JhY2tlbmQiOiJkamFuZ28uY29udHJpYi5hdXRoLmJhY2tlbmRzLk1vZGVsQmFja2VuZCIsIl9hdXRoX3VzZXJfaWQiOiIxIn0=",
    "expire_date": "2017-03-08T17:44:13.368Z"
  }
},
{
  "model": "sessions.session",
  "pk": "n717dwxpd8lkt08k7c1lac3j0m7771d2",
  "fields": {
    "session_data": "YWEyMjA5N2IxYTQ3OGUzMTVjNzllMzQ2YWUzNzgyNDRhZGY2MjdmZTp7Il9hdXRoX3VzZXJfaGFzaCI6IjBmZWQ2YTE2OWFlNGUyNjlmYWJkOWYxODMyNDkwYTViYzM4OGM1YTciLCJfYXV0aF91c2VyX2JhY2tlbmQiOiJkamFuZ28uY29udHJpYi5hdXRoLmJhY2tlbmRzLk1vZGVsQmFja2VuZCIsIl9hdXRoX3VzZXJfaWQiOiIyIn0=",
    "expire_date": "2016-07-04T19:38:03.484Z"
  }
},
{
  "model": "sessions.session",
  "pk": "o68oihs6x6zqy8djzek6mplnopxcgl6r",
  "fields": {
    "session_data": "YWEyMjA5N2IxYTQ3OGUzMTVjNzllMzQ2YWUzNzgyNDRhZGY2MjdmZTp7Il9hdXRoX3VzZXJfaGFzaCI6IjBmZWQ2YTE2OWFlNGUyNjlmYWJkOWYxODMyNDkwYTViYzM4OGM1YTciLCJfYXV0aF91c2VyX2JhY2tlbmQiOiJkamFuZ28uY29udHJpYi5hdXRoLmJhY2tlbmRzLk1vZGVsQmFja2VuZCIsIl9hdXRoX3VzZXJfaWQiOiIyIn0=",
    "expire_date": "2016-02-29T10:44:37.405Z"
  }
},
{
  "model": "sessions.session",
  "pk": "phj0oqsxvfg4j4ukue5gepjlmv5r1fyk",
  "fields": {
    "session_data": "MmYwZWI1ZjkzMzdkNTYwNjU0MjYwYTU3MmNlYmYzOTYyODU0NTBjMjp7Il9hdXRoX3VzZXJfaGFzaCI6IjhlYjVlMDVhZDRmNTU3ZTA4ZTNmNzYyNjBmZmY5YmU5ZmJhM2Y1ZTgiLCJfYXV0aF91c2VyX2JhY2tlbmQiOiJkamFuZ28uY29udHJpYi5hdXRoLmJhY2tlbmRzLk1vZGVsQmFja2VuZCIsIl9hdXRoX3VzZXJfaWQiOiIxIn0=",
    "expire_date": "2016-09-13T10:22:03.541Z"
  }
},
{
  "model": "core.category",
  "pk": 1,
  "fields": {
    "language_code": "es",
    "category": "familia"
  }
},
{
  "model": "core.category",
  "pk": 2,
  "fields": {
    "language_code": "es",
    "category": "lengua"
  }
},
{
  "model": "core.category",
  "pk": 3,
  "fields": {
    "language_code": "es",
    "category": "fruta"
  }
},
{
  "model": "core.category",
  "pk": 4,
  "fields": {
    "language_code": "es",
    "category": "arquitectura"
  }
},
{
  "model": "core.category",
  "pk": 5,
  "fields": {
    "language_code": "es",
    "category": "cocina"
  }
},
{
  "model": "core.category",
  "pk": 6,
  "fields": {
    "language_code": "es",
    "category": "hogar"
  }
},
{
  "model": "core.translation",
  "pk": 1,
  "fields": {
    "translation": "manzana",
    "language_code": "es",
    "definition": "http://dle.rae.es/?w=manzana"
  }
},
{
  "model": "core.translation",
  "pk": 2,
  "fields": {
    "translation": "manta",
    "language_code": "es",
    "definition": "http://dle.rae.es/?w=manta"
  }
},
{
  "model": "core.translation",
  "pk": 3,
  "fields": {
    "translation": "alfabeto",
    "language_code": "es",
    "definition": "http://dle.rae.es/?w=alfabeto"
  }
},
{
  "model": "core.translation",
  "pk": 4,
  "fields": {
    "translation": "pilar",
    "language_code": "es",
    "definition": "http://dle.rae.es/?w=pilar"
  }
},
{
  "model": "core.translation",
  "pk": 5,
  "fields": {
    "translation": "columna",
    "language_code": "es",
    "definition": "http://dle.rae.es/?w=columna"
  }
},
{
  "model": "core.translation",
  "pk": 6,
  "fields": {
    "translation": "tenedor",
    "language_code": "es",
    "definition": "http://dle.rae.es/?w=tenedor"
  }
},
{
  "model": "core.translation",
  "pk": 8,
  "fields": {
    "translation": "casa",
    "language_code": "es",
    "definition": ""
  }
},
{
  "model": "core.translation",
  "pk": 9,
  "fields": {
    "translation": "azul",
    "language_code": "es",
    "definition": ""
  }
},
{
  "model": "core.translation",
  "pk": 10,
  "fields": {
    "translation": "blanco",
    "language_code": "es",
    "definition": ""
  }
},
{
  "model": "core.translation",
  "pk": 11,
  "fields": {
    "translation": "amarillo",
    "language_code": "es",
    "definition": ""
  }
},
{
  "model": "core.translation",
  "pk": 12,
  "fields": {
    "translation": "negro",
    "language_code": "es",
    "definition": ""
  }
},
{
  "model": "core.translation",
  "pk": 13,
  "fields": {
    "translation": "monasterio",
    "language_code": "es",
    "definition": ""
  }
},
{
  "model": "core.translation",
  "pk": 14,
  "fields": {
    "translation": "Buda",
    "language_code": "es",
    "definition": ""
  }
},
{
  "model": "core.translation",
  "pk": 46,
  "fields": {
    "translation": "cortar",
    "language_code": "es",
    "definition": null
  }
},
{
  "model": "core.translation",
  "pk": 47,
  "fields": {
    "translation": "felicidad",
    "language_code": "es",
    "definition": null
  }
},
{
  "model": "core.translation",
  "pk": 48,
  "fields": {
    "translation": "ra\u00edz",
    "language_code": "es",
    "definition": null
  }
},
{
  "model": "core.translation",
  "pk": 49,
  "fields": {
    "translation": "superar",
    "language_code": "es",
    "definition": null
  }
},
{
  "model": "core.translation",
  "pk": 50,
  "fields": {
    "translation": "consciencia conceptual",
    "language_code": "es",
    "definition": null
  }
},
{
  "model": "core.translation",
  "pk": 51,
  "fields": {
    "translation": "karma",
    "language_code": "en",
    "definition": ""
  }
},
{
  "model": "core.translation",
  "pk": 52,
  "fields": {
    "translation": "mostrar",
    "language_code": "es",
    "definition": null
  }
},
{
  "model": "core.translation",
  "pk": 53,
  "fields": {
    "translation": "demostrar",
    "language_code": "es",
    "definition": null
  }
},
{
  "model": "core.translation",
  "pk": 54,
  "fields": {
    "translation": "dirigir",
    "language_code": "es",
    "definition": null
  }
},
{
  "model": "core.translation",
  "pk": 55,
  "fields": {
    "translation": "mezclar",
    "language_code": "es",
    "definition": null
  }
},
{
  "model": "core.translation",
  "pk": 56,
  "fields": {
    "translation": "iluminaci\u00f3n",
    "language_code": "es",
    "definition": null
  }
},
{
  "model": "core.translation",
  "pk": 57,
  "fields": {
    "translation": "pr\u00e1ctica",
    "language_code": "es",
    "definition": null
  }
},
{
  "model": "core.translation",
  "pk": 58,
  "fields": {
    "translation": "preparaci\u00f3n",
    "language_code": "es",
    "definition": null
  }
},
{
  "model": "core.translation",
  "pk": 59,
  "fields": {
    "translation": "delusi\u00f3n",
    "language_code": "es",
    "definition": null
  }
},
{
  "model": "core.translation",
  "pk": 60,
  "fields": {
    "translation": "examinar",
    "language_code": "es",
    "definition": null
  }
},
{
  "model": "core.translation",
  "pk": 61,
  "fields": {
    "translation": "safisfecho",
    "language_code": "es",
    "definition": null
  }
},
{
  "model": "core.translation",
  "pk": 62,
  "fields": {
    "translation": "surgir",
    "language_code": "es",
    "definition": null
  }
},
{
  "model": "core.translation",
  "pk": 63,
  "fields": {
    "translation": "aferramiento",
    "language_code": "es",
    "definition": null
  }
},
{
  "model": "core.translation",
  "pk": 64,
  "fields": {
    "translation": "cobarde",
    "language_code": "es",
    "definition": null
  }
},
{
  "model": "core.translation",
  "pk": 65,
  "fields": {
    "translation": "bueno",
    "language_code": "es",
    "definition": null
  }
},
{
  "model": "core.translation",
  "pk": 66,
  "fields": {
    "translation": "paciencia",
    "language_code": "es",
    "definition": null
  }
},
{
  "model": "core.translation",
  "pk": 67,
  "fields": {
    "translation": "radiante",
    "language_code": "es",
    "definition": null
  }
},
{
  "model": "core.translation",
  "pk": 68,
  "fields": {
    "translation": "conocer",
    "language_code": "es",
    "definition": null
  }
},
{
  "model": "core.translation",
  "pk": 69,
  "fields": {
    "translation": "aceptado",
    "language_code": "es",
    "definition": null
  }
},
{
  "model": "core.translation",
  "pk": 70,
  "fields": {
    "translation": "amasar",
    "language_code": "es",
    "definition": null
  }
},
{
  "model": "core.translation",
  "pk": 71,
  "fields": {
    "translation": "proteger",
    "language_code": "es",
    "definition": null
  }
},
{
  "model": "core.translation",
  "pk": 72,
  "fields": {
    "translation": "etiquetar",
    "language_code": "es",
    "definition": null
  }
},
{
  "model": "core.translation",
  "pk": 73,
  "fields": {
    "translation": "concepto",
    "language_code": "es",
    "definition": null
  }
},
{
  "model": "core.translation",
  "pk": 74,
  "fields": {
    "translation": "naturaleza",
    "language_code": "es",
    "definition": null
  }
},
{
  "model": "core.translation",
  "pk": 75,
  "fields": {
    "translation": "fen\u00f3meno",
    "language_code": "es",
    "definition": null
  }
},
{
  "model": "core.translation",
  "pk": 76,
  "fields": {
    "translation": "ignorancia",
    "language_code": "es",
    "definition": null
  }
},
{
  "model": "core.translation",
  "pk": 77,
  "fields": {
    "translation": "marca",
    "language_code": "es",
    "definition": null
  }
},
{
  "model": "core.translation",
  "pk": 78,
  "fields": {
    "translation": "grupo",
    "language_code": "es",
    "definition": null
  }
},
{
  "model": "core.translation",
  "pk": 79,
  "fields": {
    "translation": "darse cuenta",
    "language_code": "es",
    "definition": null
  }
},
{
  "model": "core.translation",
  "pk": 80,
  "fields": {
    "translation": "entre otro",
    "language_code": "es",
    "definition": null
  }
},
{
  "model": "core.translation",
  "pk": 81,
  "fields": {
    "translation": "todo",
    "language_code": "es",
    "definition": null
  }
},
{
  "model": "core.translation",
  "pk": 82,
  "fields": {
    "translation": "lugar",
    "language_code": "es",
    "definition": null
  }
},
{
  "model": "core.translation",
  "pk": 83,
  "fields": {
    "translation": "compendio",
    "language_code": "es",
    "definition": null
  }
},
{
  "model": "core.translation",
  "pk": 277,
  "fields": {
    "translation": "existencia c\u00edclica",
    "language_code": "es",
    "definition": null
  }
},
{
  "model": "core.translation",
  "pk": 278,
  "fields": {
    "translation": "de (origen)",
    "language_code": "es",
    "definition": null
  }
},
{
  "model": "core.translation",
  "pk": 279,
  "fields": {
    "translation": "puro",
    "language_code": "es",
    "definition": null
  }
},
{
  "model": "core.translation",
  "pk": 280,
  "fields": {
    "translation": "cerrar",
    "language_code": "es",
    "definition": null
  }
},
{
  "model": "core.translation",
  "pk": 281,
  "fields": {
    "translation": "saber",
    "language_code": "es",
    "definition": null
  }
},
{
  "model": "core.translation",
  "pk": 282,
  "fields": {
    "translation": "pueblerino",
    "language_code": "es",
    "definition": null
  }
},
{
  "model": "core.translation",
  "pk": 283,
  "fields": {
    "translation": "finca",
    "language_code": "es",
    "definition": null
  }
},
{
  "model": "core.translation",
  "pk": 284,
  "fields": {
    "translation": "funci\u00f3n",
    "language_code": "es",
    "definition": null
  }
},
{
  "model": "core.translation",
  "pk": 285,
  "fields": {
    "translation": "querer",
    "language_code": "es",
    "definition": null
  }
},
{
  "model": "core.translation",
  "pk": 286,
  "fields": {
    "translation": "realizar",
    "language_code": "es",
    "definition": null
  }
},
{
  "model": "core.translation",
  "pk": 287,
  "fields": {
    "translation": "hablar",
    "language_code": "es",
    "definition": null
  }
},
{
  "model": "core.translation",
  "pk": 288,
  "fields": {
    "translation": "defectos",
    "language_code": "es",
    "definition": null
  }
},
{
  "model": "core.translation",
  "pk": 289,
  "fields": {
    "translation": "tristeza",
    "language_code": "es",
    "definition": null
  }
},
{
  "model": "core.translation",
  "pk": 290,
  "fields": {
    "translation": "miedo",
    "language_code": "es",
    "definition": null
  }
},
{
  "model": "core.translation",
  "pk": 291,
  "fields": {
    "translation": "utilizar",
    "language_code": "es",
    "definition": null
  }
},
{
  "model": "core.translation",
  "pk": 292,
  "fields": {
    "translation": "perturbado",
    "language_code": "es",
    "definition": null
  }
},
{
  "model": "core.translation",
  "pk": 293,
  "fields": {
    "translation": "transformar",
    "language_code": "es",
    "definition": ""
  }
},
{
  "model": "core.translation",
  "pk": 294,
  "fields": {
    "translation": "Dharma",
    "language_code": "es",
    "definition": null
  }
},
{
  "model": "core.translation",
  "pk": 295,
  "fields": {
    "translation": "aniquilar",
    "language_code": "es",
    "definition": null
  }
},
{
  "model": "core.translation",
  "pk": 296,
  "fields": {
    "translation": "virtud",
    "language_code": "es",
    "definition": null
  }
},
{
  "model": "core.translation",
  "pk": 297,
  "fields": {
    "translation": "origen",
    "language_code": "es",
    "definition": null
  }
},
{
  "model": "core.translation",
  "pk": 298,
  "fields": {
    "translation": "destruir",
    "language_code": "es",
    "definition": null
  }
},
{
  "model": "core.translation",
  "pk": 299,
  "fields": {
    "translation": "imputaci\u00f3n ",
    "language_code": "es",
    "definition": null
  }
},
{
  "model": "core.translation",
  "pk": 300,
  "fields": {
    "translation": "acci\u00f3n",
    "language_code": "es",
    "definition": null
  }
},
{
  "model": "core.translation",
  "pk": 301,
  "fields": {
    "translation": "ense\u00f1ar un objeto",
    "language_code": "es",
    "definition": null
  }
},
{
  "model": "core.translation",
  "pk": 302,
  "fields": {
    "translation": "ense\u00f1ar ",
    "language_code": "es",
    "definition": null
  }
},
{
  "model": "core.translation",
  "pk": 303,
  "fields": {
    "translation": "dibujar",
    "language_code": "es",
    "definition": null
  }
},
{
  "model": "core.translation",
  "pk": 304,
  "fields": {
    "translation": "unir",
    "language_code": "es",
    "definition": null
  }
},
{
  "model": "core.translation",
  "pk": 305,
  "fields": {
    "translation": "luz",
    "language_code": "es",
    "definition": null
  }
},
{
  "model": "core.translation",
  "pk": 306,
  "fields": {
    "translation": "manera de actuar",
    "language_code": "es",
    "definition": null
  }
},
{
  "model": "core.translation",
  "pk": 307,
  "fields": {
    "translation": "esfuerzo",
    "language_code": "es",
    "definition": null
  }
},
{
  "model": "core.translation",
  "pk": 308,
  "fields": {
    "translation": "confusi\u00f3n",
    "language_code": "es",
    "definition": null
  }
},
{
  "model": "core.translation",
  "pk": 309,
  "fields": {
    "translation": "investigar",
    "language_code": "es",
    "definition": null
  }
},
{
  "model": "core.translation",
  "pk": 310,
  "fields": {
    "translation": "contento",
    "language_code": "es",
    "definition": null
  }
},
{
  "model": "core.translation",
  "pk": 311,
  "fields": {
    "translation": "producirse",
    "language_code": "es",
    "definition": null
  }
},
{
  "model": "core.translation",
  "pk": 312,
  "fields": {
    "translation": "apego",
    "language_code": "es",
    "definition": null
  }
},
{
  "model": "core.translation",
  "pk": 313,
  "fields": {
    "translation": "t\u00edmido",
    "language_code": "es",
    "definition": null
  }
},
{
  "model": "core.translation",
  "pk": 314,
  "fields": {
    "translation": "saber un tema",
    "language_code": "es",
    "definition": ""
  }
},
{
  "model": "core.translation",
  "pk": 315,
  "fields": {
    "translation": "ocurrido",
    "language_code": "es",
    "definition": null
  }
},
{
  "model": "core.translation",
  "pk": 316,
  "fields": {
    "translation": "reunir",
    "language_code": "es",
    "definition": null
  }
},
{
  "model": "core.translation",
  "pk": 317,
  "fields": {
    "translation": "cuidar",
    "language_code": "es",
    "definition": null
  }
},
{
  "model": "core.translation",
  "pk": 318,
  "fields": {
    "translation": "imaginar",
    "language_code": "es",
    "definition": null
  }
},
{
  "model": "core.translation",
  "pk": 319,
  "fields": {
    "translation": "definici\u00f3n",
    "language_code": "es",
    "definition": null
  }
},
{
  "model": "core.translation",
  "pk": 320,
  "fields": {
    "translation": "obtener realizaci\u00f3n",
    "language_code": "es",
    "definition": null
  }
},
{
  "model": "core.translation",
  "pk": 322,
  "fields": {
    "translation": "sitio",
    "language_code": "es",
    "definition": null
  }
},
{
  "model": "core.translation",
  "pk": 323,
  "fields": {
    "translation": "sumario",
    "language_code": "es",
    "definition": null
  }
},
{
  "model": "core.translation",
  "pk": 507,
  "fields": {
    "translation": "samsara",
    "language_code": "es",
    "definition": null
  }
},
{
  "model": "core.translation",
  "pk": 508,
  "fields": {
    "translation": "por",
    "language_code": "es",
    "definition": null
  }
},
{
  "model": "core.translation",
  "pk": 509,
  "fields": {
    "translation": "inmaculado",
    "language_code": "es",
    "definition": null
  }
},
{
  "model": "core.translation",
  "pk": 510,
  "fields": {
    "translation": "todo aquello que esta permeado por el espacio",
    "language_code": "es",
    "definition": null
  }
},
{
  "model": "core.translation",
  "pk": 511,
  "fields": {
    "translation": "atrapar",
    "language_code": "es",
    "definition": null
  }
},
{
  "model": "core.translation",
  "pk": 512,
  "fields": {
    "translation": "campesino",
    "language_code": "es",
    "definition": null
  }
},
{
  "model": "core.translation",
  "pk": 513,
  "fields": {
    "translation": "campo",
    "language_code": "es",
    "definition": null
  }
},
{
  "model": "core.translation",
  "pk": 514,
  "fields": {
    "translation": "significado",
    "language_code": "es",
    "definition": null
  }
},
{
  "model": "core.translation",
  "pk": 515,
  "fields": {
    "translation": "coraz\u00f3n",
    "language_code": "es",
    "definition": null
  }
},
{
  "model": "core.translation",
  "pk": 516,
  "fields": {
    "translation": "gustar",
    "language_code": "es",
    "definition": null
  }
},
{
  "model": "core.translation",
  "pk": 517,
  "fields": {
    "translation": "excelente",
    "language_code": "es",
    "definition": null
  }
},
{
  "model": "core.translation",
  "pk": 518,
  "fields": {
    "translation": "sonido",
    "language_code": "es",
    "definition": null
  }
},
{
  "model": "core.translation",
  "pk": 519,
  "fields": {
    "translation": "ir",
    "language_code": "es",
    "definition": null
  }
},
{
  "model": "core.translation",
  "pk": 520,
  "fields": {
    "translation": "cinco",
    "language_code": "es",
    "definition": null
  }
},
{
  "model": "core.translation",
  "pk": 521,
  "fields": {
    "translation": "causa",
    "language_code": "es",
    "definition": null
  }
},
{
  "model": "core.translation",
  "pk": 522,
  "fields": {
    "translation": "hacer",
    "language_code": "es",
    "definition": null
  }
},
{
  "model": "core.translation",
  "pk": 523,
  "fields": {
    "translation": "expresar",
    "language_code": "es",
    "definition": null
  }
},
{
  "model": "core.translation",
  "pk": 524,
  "fields": {
    "translation": "enga\u00f1os",
    "language_code": "es",
    "definition": null
  }
},
{
  "model": "core.translation",
  "pk": 525,
  "fields": {
    "translation": "nacer",
    "language_code": "es",
    "definition": null
  }
},
{
  "model": "core.translation",
  "pk": 527,
  "fields": {
    "translation": "terror",
    "language_code": "es",
    "definition": null
  }
},
{
  "model": "core.translation",
  "pk": 528,
  "fields": {
    "translation": "usar",
    "language_code": "es",
    "definition": null
  }
},
{
  "model": "core.translation",
  "pk": 529,
  "fields": {
    "translation": "agitado",
    "language_code": "es",
    "definition": null
  }
},
{
  "model": "core.translation",
  "pk": 530,
  "fields": {
    "translation": "cambiar",
    "language_code": "es",
    "definition": null
  }
},
{
  "model": "core.translation",
  "pk": 531,
  "fields": {
    "translation": "aterrorizado",
    "language_code": "es",
    "definition": null
  }
},
{
  "model": "core.translation",
  "pk": 532,
  "fields": {
    "translation": "ense\u00f1anzas del Buda",
    "language_code": "es",
    "definition": null
  }
},
{
  "model": "core.translation",
  "pk": 662,
  "fields": {
    "translation": "rueda del samsara",
    "language_code": "es",
    "definition": null
  }
},
{
  "model": "core.translation",
  "pk": 663,
  "fields": {
    "translation": "sin mancha",
    "language_code": "es",
    "definition": null
  }
},
{
  "model": "core.translation",
  "pk": 664,
  "fields": {
    "translation": "envolver",
    "language_code": "es",
    "definition": null
  }
},
{
  "model": "core.translation",
  "pk": 665,
  "fields": {
    "translation": "persona que vive en el campo",
    "language_code": "es",
    "definition": null
  }
},
{
  "model": "core.translation",
  "pk": 666,
  "fields": {
    "translation": "terreno de un campesino",
    "language_code": "es",
    "definition": null
  }
},
{
  "model": "core.translation",
  "pk": 668,
  "fields": {
    "translation": "decir",
    "language_code": "es",
    "definition": null
  }
},
{
  "model": "core.translation",
  "pk": 669,
  "fields": {
    "translation": "emociones aflictivas",
    "language_code": "es",
    "definition": null
  }
},
{
  "model": "core.translation",
  "pk": 670,
  "fields": {
    "translation": "alarmado",
    "language_code": "es",
    "definition": null
  }
},
{
  "model": "core.translation",
  "pk": 671,
  "fields": {
    "translation": "mente agitada",
    "language_code": "es",
    "definition": null
  }
},
{
  "model": "core.translation",
  "pk": 672,
  "fields": {
    "translation": "traducir",
    "language_code": "es",
    "definition": null
  }
},
{
  "model": "core.translation",
  "pk": 673,
  "fields": {
    "translation": "eliminar",
    "language_code": "es",
    "definition": null
  }
},
{
  "model": "core.translation",
  "pk": 674,
  "fields": {
    "translation": "acciones virtuosas",
    "language_code": "es",
    "definition": null
  }
},
{
  "model": "core.translation",
  "pk": 675,
  "fields": {
    "translation": "etiqueta",
    "language_code": "es",
    "definition": null
  }
},
{
  "model": "core.translation",
  "pk": 676,
  "fields": {
    "translation": "ley de causa y efecto",
    "language_code": "es",
    "definition": null
  }
},
{
  "model": "core.translation",
  "pk": 677,
  "fields": {
    "translation": "inducir",
    "language_code": "es",
    "definition": null
  }
},
{
  "model": "core.translation",
  "pk": 678,
  "fields": {
    "translation": "compartir",
    "language_code": "es",
    "definition": null
  }
},
{
  "model": "core.translation",
  "pk": 679,
  "fields": {
    "translation": "apariencia",
    "language_code": "es",
    "definition": null
  }
},
{
  "model": "core.translation",
  "pk": 680,
  "fields": {
    "translation": "manera de ser",
    "language_code": "es",
    "definition": null
  }
},
{
  "model": "core.translation",
  "pk": 681,
  "fields": {
    "translation": "aplicar",
    "language_code": "es",
    "definition": null
  }
},
{
  "model": "core.translation",
  "pk": 682,
  "fields": {
    "translation": "pensar",
    "language_code": "es",
    "definition": null
  }
},
{
  "model": "core.translation",
  "pk": 683,
  "fields": {
    "translation": "generar",
    "language_code": "es",
    "definition": null
  }
},
{
  "model": "core.translation",
  "pk": 684,
  "fields": {
    "translation": "flojedad",
    "language_code": "es",
    "definition": null
  }
},
{
  "model": "core.translation",
  "pk": 685,
  "fields": {
    "translation": "pasado",
    "language_code": "es",
    "definition": null
  }
},
{
  "model": "core.translation",
  "pk": 686,
  "fields": {
    "translation": "recolectar",
    "language_code": "es",
    "definition": null
  }
},
{
  "model": "core.translation",
  "pk": 687,
  "fields": {
    "translation": "mantener",
    "language_code": "es",
    "definition": null
  }
},
{
  "model": "core.translation",
  "pk": 688,
  "fields": {
    "translation": "imputar",
    "language_code": "es",
    "definition": null
  }
},
{
  "model": "core.translation",
  "pk": 689,
  "fields": {
    "translation": "caracter\u00edstica",
    "language_code": "es",
    "definition": null
  }
},
{
  "model": "core.translation",
  "pk": 690,
  "fields": {
    "translation": "colecci\u00f3n",
    "language_code": "es",
    "definition": null
  }
},
{
  "model": "core.translation",
  "pk": 691,
  "fields": {
    "translation": "quitando",
    "language_code": "es",
    "definition": null
  }
},
{
  "model": "core.translation",
  "pk": 692,
  "fields": {
    "translation": "resumen",
    "language_code": "es",
    "definition": null
  }
},
{
  "model": "core.translation",
  "pk": 693,
  "fields": {
    "translation": "disminuci\u00f3n",
    "language_code": "es",
    "definition": null
  }
},
{
  "model": "core.translation",
  "pk": 694,
  "fields": {
    "translation": "comenzando desde/a",
    "language_code": "es",
    "definition": null
  }
},
{
  "model": "core.translation",
  "pk": 695,
  "fields": {
    "translation": "afianzarse en",
    "language_code": "es",
    "definition": null
  }
},
{
  "model": "core.translation",
  "pk": 696,
  "fields": {
    "translation": "acerca de",
    "language_code": "es",
    "definition": null
  }
},
{
  "model": "core.translation",
  "pk": 697,
  "fields": {
    "translation": "sobre",
    "language_code": "es",
    "definition": null
  }
},
{
  "model": "core.translation",
  "pk": 698,
  "fields": {
    "translation": "relevante para",
    "language_code": "es",
    "definition": null
  }
},
{
  "model": "core.translation",
  "pk": 699,
  "fields": {
    "translation": "empezando desde",
    "language_code": "es",
    "definition": null
  }
},
{
  "model": "core.translation",
  "pk": 700,
  "fields": {
    "translation": "tener ocurrido la idea",
    "language_code": "es",
    "definition": null
  }
},
{
  "model": "core.translation",
  "pk": 701,
  "fields": {
    "translation": "estimulada por",
    "language_code": "es",
    "definition": null
  }
},
{
  "model": "core.translation",
  "pk": 702,
  "fields": {
    "translation": "inicialmente",
    "language_code": "es",
    "definition": null
  }
},
{
  "model": "core.translation",
  "pk": 703,
  "fields": {
    "translation": "fundado en",
    "language_code": "es",
    "definition": null
  }
},
{
  "model": "core.translation",
  "pk": 704,
  "fields": {
    "translation": "siguiente en",
    "language_code": "es",
    "definition": null
  }
},
{
  "model": "core.translation",
  "pk": 705,
  "fields": {
    "translation": "si tomo en cuenta",
    "language_code": "es",
    "definition": null
  }
},
{
  "model": "core.translation",
  "pk": 719,
  "fields": {
    "translation": "rodear",
    "language_code": "es",
    "definition": null
  }
},
{
  "model": "core.translation",
  "pk": 720,
  "fields": {
    "translation": "p\u00e1nico",
    "language_code": "es",
    "definition": null
  }
},
{
  "model": "core.translation",
  "pk": 721,
  "fields": {
    "translation": "conceptuaci\u00f3n",
    "language_code": "es",
    "definition": null
  }
},
{
  "model": "core.translation",
  "pk": 722,
  "fields": {
    "translation": "conectar",
    "language_code": "es",
    "definition": null
  }
},
{
  "model": "core.translation",
  "pk": 723,
  "fields": {
    "translation": "car\u00e1cter",
    "language_code": "es",
    "definition": null
  }
},
{
  "model": "core.translation",
  "pk": 724,
  "fields": {
    "translation": "des\u00e1nimo",
    "language_code": "es",
    "definition": null
  }
},
{
  "model": "core.translation",
  "pk": 725,
  "fields": {
    "translation": "procedido",
    "language_code": "es",
    "definition": null
  }
},
{
  "model": "core.translation",
  "pk": 726,
  "fields": {
    "translation": "preservar",
    "language_code": "es",
    "definition": null
  }
},
{
  "model": "core.translation",
  "pk": 727,
  "fields": {
    "translation": "atributo",
    "language_code": "es",
    "definition": null
  }
},
{
  "model": "core.translation",
  "pk": 728,
  "fields": {
    "translation": "conjunto",
    "language_code": "es",
    "definition": null
  }
},
{
  "model": "core.translation",
  "pk": 1931,
  "fields": {
    "translation": "existence",
    "language_code": "en",
    "definition": ""
  }
},
{
  "model": "core.translation",
  "pk": 1932,
  "fields": {
    "translation": "from",
    "language_code": "en",
    "definition": null
  }
},
{
  "model": "core.translation",
  "pk": 1933,
  "fields": {
    "translation": "inmaculated",
    "language_code": "en",
    "definition": null
  }
},
{
  "model": "core.translation",
  "pk": 1934,
  "fields": {
    "translation": "all",
    "language_code": "en",
    "definition": null
  }
},
{
  "model": "core.translation",
  "pk": 1935,
  "fields": {
    "translation": "close",
    "language_code": "en",
    "definition": null
  }
},
{
  "model": "core.translation",
  "pk": 1936,
  "fields": {
    "translation": "know",
    "language_code": "en",
    "definition": null
  }
},
{
  "model": "core.translation",
  "pk": 1937,
  "fields": {
    "translation": "farmer",
    "language_code": "en",
    "definition": null
  }
},
{
  "model": "core.translation",
  "pk": 1938,
  "fields": {
    "translation": "field",
    "language_code": "en",
    "definition": null
  }
},
{
  "model": "core.translation",
  "pk": 1939,
  "fields": {
    "translation": "meaning",
    "language_code": "en",
    "definition": null
  }
},
{
  "model": "core.translation",
  "pk": 1940,
  "fields": {
    "translation": "heart",
    "language_code": "en",
    "definition": null
  }
},
{
  "model": "core.translation",
  "pk": 1941,
  "fields": {
    "translation": "like",
    "language_code": "en",
    "definition": null
  }
},
{
  "model": "core.translation",
  "pk": 1942,
  "fields": {
    "translation": "excellent",
    "language_code": "en",
    "definition": ""
  }
},
{
  "model": "core.translation",
  "pk": 1943,
  "fields": {
    "translation": "sound",
    "language_code": "en",
    "definition": null
  }
},
{
  "model": "core.translation",
  "pk": 1944,
  "fields": {
    "translation": "go",
    "language_code": "en",
    "definition": null
  }
},
{
  "model": "core.translation",
  "pk": 1945,
  "fields": {
    "translation": "five",
    "language_code": "en",
    "definition": null
  }
},
{
  "model": "core.translation",
  "pk": 1946,
  "fields": {
    "translation": "cause",
    "language_code": "en",
    "definition": null
  }
},
{
  "model": "core.translation",
  "pk": 1947,
  "fields": {
    "translation": "action",
    "language_code": "en",
    "definition": null
  }
},
{
  "model": "core.translation",
  "pk": 1948,
  "fields": {
    "translation": "do",
    "language_code": "en",
    "definition": null
  }
},
{
  "model": "core.translation",
  "pk": 1949,
  "fields": {
    "translation": "speak",
    "language_code": "en",
    "definition": null
  }
},
{
  "model": "core.translation",
  "pk": 1950,
  "fields": {
    "translation": "defilenement",
    "language_code": "en",
    "definition": null
  }
},
{
  "model": "core.translation",
  "pk": 1951,
  "fields": {
    "translation": "born",
    "language_code": "en",
    "definition": null
  }
},
{
  "model": "core.translation",
  "pk": 1952,
  "fields": {
    "translation": "discouragement",
    "language_code": "en",
    "definition": null
  }
},
{
  "model": "core.translation",
  "pk": 1953,
  "fields": {
    "translation": "fear",
    "language_code": "en",
    "definition": null
  }
},
{
  "model": "core.translation",
  "pk": 1954,
  "fields": {
    "translation": "be disturbed",
    "language_code": "en",
    "definition": null
  }
},
{
  "model": "core.translation",
  "pk": 1955,
  "fields": {
    "translation": "change",
    "language_code": "en",
    "definition": null
  }
},
{
  "model": "core.translation",
  "pk": 1956,
  "fields": {
    "translation": "tremble",
    "language_code": "en",
    "definition": null
  }
},
{
  "model": "core.translation",
  "pk": 1957,
  "fields": {
    "translation": "destroy",
    "language_code": "en",
    "definition": null
  }
},
{
  "model": "core.translation",
  "pk": 1958,
  "fields": {
    "translation": "teachings of Buda",
    "language_code": "en",
    "definition": ""
  }
},
{
  "model": "core.translation",
  "pk": 1959,
  "fields": {
    "translation": "white",
    "language_code": "en",
    "definition": ""
  }
},
{
  "model": "core.translation",
  "pk": 1960,
  "fields": {
    "translation": "cut off",
    "language_code": "en",
    "definition": null
  }
},
{
  "model": "core.translation",
  "pk": 1961,
  "fields": {
    "translation": "happiness",
    "language_code": "en",
    "definition": null
  }
},
{
  "model": "core.translation",
  "pk": 1962,
  "fields": {
    "translation": "root",
    "language_code": "en",
    "definition": null
  }
},
{
  "model": "core.translation",
  "pk": 1963,
  "fields": {
    "translation": "to destroy",
    "language_code": "en",
    "definition": null
  }
},
{
  "model": "core.translation",
  "pk": 1964,
  "fields": {
    "translation": "conceptual consciousness",
    "language_code": "en",
    "definition": null
  }
},
{
  "model": "core.translation",
  "pk": 1965,
  "fields": {
    "translation": "show",
    "language_code": "en",
    "definition": null
  }
},
{
  "model": "core.translation",
  "pk": 1966,
  "fields": {
    "translation": "teach",
    "language_code": "en",
    "definition": null
  }
},
{
  "model": "core.translation",
  "pk": 1967,
  "fields": {
    "translation": "induce",
    "language_code": "en",
    "definition": null
  }
},
{
  "model": "core.translation",
  "pk": 1968,
  "fields": {
    "translation": "mixed",
    "language_code": "en",
    "definition": null
  }
},
{
  "model": "core.translation",
  "pk": 1969,
  "fields": {
    "translation": "appear",
    "language_code": "en",
    "definition": null
  }
},
{
  "model": "core.translation",
  "pk": 1970,
  "fields": {
    "translation": "practice",
    "language_code": "en",
    "definition": null
  }
},
{
  "model": "core.translation",
  "pk": 1971,
  "fields": {
    "translation": "join",
    "language_code": "en",
    "definition": null
  }
},
{
  "model": "core.translation",
  "pk": 1972,
  "fields": {
    "translation": "obscuration",
    "language_code": "en",
    "definition": null
  }
},
{
  "model": "core.translation",
  "pk": 1973,
  "fields": {
    "translation": "thoroughly seek",
    "language_code": "en",
    "definition": null
  }
},
{
  "model": "core.translation",
  "pk": 1974,
  "fields": {
    "translation": "satisfied",
    "language_code": "en",
    "definition": null
  }
},
{
  "model": "core.translation",
  "pk": 1975,
  "fields": {
    "translation": "generate",
    "language_code": "en",
    "definition": null
  }
},
{
  "model": "core.translation",
  "pk": 1976,
  "fields": {
    "translation": "apprehension",
    "language_code": "en",
    "definition": null
  }
},
{
  "model": "core.translation",
  "pk": 1977,
  "fields": {
    "translation": "despondency",
    "language_code": "en",
    "definition": null
  }
},
{
  "model": "core.translation",
  "pk": 1978,
  "fields": {
    "translation": "good",
    "language_code": "en",
    "definition": null
  }
},
{
  "model": "core.translation",
  "pk": 1979,
  "fields": {
    "translation": "patience",
    "language_code": "en",
    "definition": null
  }
},
{
  "model": "core.translation",
  "pk": 1980,
  "fields": {
    "translation": "light",
    "language_code": "en",
    "definition": null
  }
},
{
  "model": "core.translation",
  "pk": 1981,
  "fields": {
    "translation": "acquaintance",
    "language_code": "en",
    "definition": null
  }
},
{
  "model": "core.translation",
  "pk": 1982,
  "fields": {
    "translation": "collect",
    "language_code": "en",
    "definition": null
  }
},
{
  "model": "core.translation",
  "pk": 1983,
  "fields": {
    "translation": "safeguard",
    "language_code": "en",
    "definition": null
  }
},
{
  "model": "core.translation",
  "pk": 1984,
  "fields": {
    "translation": "attribute",
    "language_code": "en",
    "definition": null
  }
},
{
  "model": "core.translation",
  "pk": 1985,
  "fields": {
    "translation": "concept",
    "language_code": "en",
    "definition": null
  }
},
{
  "model": "core.translation",
  "pk": 1986,
  "fields": {
    "translation": "nature",
    "language_code": "en",
    "definition": null
  }
},
{
  "model": "core.translation",
  "pk": 1987,
  "fields": {
    "translation": "phenomenon",
    "language_code": "en",
    "definition": null
  }
},
{
  "model": "core.translation",
  "pk": 1988,
  "fields": {
    "translation": "ignorance",
    "language_code": "en",
    "definition": null
  }
},
{
  "model": "core.translation",
  "pk": 1989,
  "fields": {
    "translation": "feature",
    "language_code": "en",
    "definition": null
  }
},
{
  "model": "core.translation",
  "pk": 1990,
  "fields": {
    "translation": "collection",
    "language_code": "en",
    "definition": null
  }
},
{
  "model": "core.translation",
  "pk": 1991,
  "fields": {
    "translation": "make",
    "language_code": "en",
    "definition": null
  }
},
{
  "model": "core.translation",
  "pk": 1992,
  "fields": {
    "translation": "place",
    "language_code": "en",
    "definition": null
  }
},
{
  "model": "core.translation",
  "pk": 1993,
  "fields": {
    "translation": "pick up",
    "language_code": "en",
    "definition": null
  }
},
{
  "model": "core.translation",
  "pk": 1994,
  "fields": {
    "translation": "object",
    "language_code": "en",
    "definition": null
  }
},
{
  "model": "core.translation",
  "pk": 1995,
  "fields": {
    "translation": "function",
    "language_code": "en",
    "definition": null
  }
},
{
  "model": "core.translation",
  "pk": 1996,
  "fields": {
    "translation": "fact",
    "language_code": "en",
    "definition": null
  }
},
{
  "model": "core.translation",
  "pk": 1997,
  "fields": {
    "translation": "purpose",
    "language_code": "en",
    "definition": null
  }
},
{
  "model": "core.translation",
  "pk": 1998,
  "fields": {
    "translation": "say",
    "language_code": "en",
    "definition": null
  }
},
{
  "model": "core.translation",
  "pk": 1999,
  "fields": {
    "translation": "express",
    "language_code": "en",
    "definition": null
  }
},
{
  "model": "core.translation",
  "pk": 2000,
  "fields": {
    "translation": "state",
    "language_code": "en",
    "definition": null
  }
},
{
  "model": "core.translation",
  "pk": 2001,
  "fields": {
    "translation": "expression",
    "language_code": "en",
    "definition": null
  }
},
{
  "model": "core.translation",
  "pk": 2002,
  "fields": {
    "translation": "verbalizations",
    "language_code": "en",
    "definition": null
  }
},
{
  "model": "core.translation",
  "pk": 2003,
  "fields": {
    "translation": "sorrow",
    "language_code": "en",
    "definition": ""
  }
},
{
  "model": "core.translation",
  "pk": 2004,
  "fields": {
    "translation": "fright",
    "language_code": "en",
    "definition": null
  }
},
{
  "model": "core.translation",
  "pk": 2005,
  "fields": {
    "translation": "horror",
    "language_code": "en",
    "definition": null
  }
},
{
  "model": "core.translation",
  "pk": 2006,
  "fields": {
    "translation": "panic",
    "language_code": "en",
    "definition": null
  }
},
{
  "model": "core.translation",
  "pk": 2007,
  "fields": {
    "translation": "alarm",
    "language_code": "en",
    "definition": null
  }
},
{
  "model": "core.translation",
  "pk": 2008,
  "fields": {
    "translation": "dread",
    "language_code": "en",
    "definition": null
  }
},
{
  "model": "core.translation",
  "pk": 2009,
  "fields": {
    "translation": "fearfulness",
    "language_code": "en",
    "definition": null
  }
},
{
  "model": "core.translation",
  "pk": 2010,
  "fields": {
    "translation": "trepidation",
    "language_code": "en",
    "definition": null
  }
},
{
  "model": "core.translation",
  "pk": 2011,
  "fields": {
    "translation": "be angry",
    "language_code": "en",
    "definition": null
  }
},
{
  "model": "core.translation",
  "pk": 2012,
  "fields": {
    "translation": "be agitated",
    "language_code": "en",
    "definition": null
  }
},
{
  "model": "core.translation",
  "pk": 2013,
  "fields": {
    "translation": "fight",
    "language_code": "en",
    "definition": null
  }
},
{
  "model": "core.translation",
  "pk": 2014,
  "fields": {
    "translation": "mutate",
    "language_code": "en",
    "definition": null
  }
},
{
  "model": "core.translation",
  "pk": 2015,
  "fields": {
    "translation": "become",
    "language_code": "en",
    "definition": null
  }
},
{
  "model": "core.translation",
  "pk": 2016,
  "fields": {
    "translation": "be",
    "language_code": "en",
    "definition": null
  }
},
{
  "model": "core.translation",
  "pk": 2017,
  "fields": {
    "translation": "come to be",
    "language_code": "en",
    "definition": null
  }
},
{
  "model": "core.translation",
  "pk": 2018,
  "fields": {
    "translation": "transform",
    "language_code": "en",
    "definition": null
  }
},
{
  "model": "core.translation",
  "pk": 2019,
  "fields": {
    "translation": "grow",
    "language_code": "en",
    "definition": null
  }
},
{
  "model": "core.translation",
  "pk": 2020,
  "fields": {
    "translation": "translate",
    "language_code": "en",
    "definition": null
  }
},
{
  "model": "core.translation",
  "pk": 2021,
  "fields": {
    "translation": "translation",
    "language_code": "en",
    "definition": null
  }
},
{
  "model": "core.translation",
  "pk": 2022,
  "fields": {
    "translation": "use",
    "language_code": "en",
    "definition": null
  }
},
{
  "model": "core.translation",
  "pk": 2023,
  "fields": {
    "translation": "be afraid",
    "language_code": "en",
    "definition": null
  }
},
{
  "model": "core.translation",
  "pk": 2024,
  "fields": {
    "translation": "triumph over",
    "language_code": "en",
    "definition": null
  }
},
{
  "model": "core.translation",
  "pk": 2025,
  "fields": {
    "translation": "annihilation",
    "language_code": "en",
    "definition": null
  }
},
{
  "model": "core.translation",
  "pk": 2026,
  "fields": {
    "translation": "nullification",
    "language_code": "en",
    "definition": null
  }
},
{
  "model": "core.translation",
  "pk": 2027,
  "fields": {
    "translation": "suppress",
    "language_code": "en",
    "definition": null
  }
},
{
  "model": "core.translation",
  "pk": 2028,
  "fields": {
    "translation": "overcome",
    "language_code": "en",
    "definition": null
  }
},
{
  "model": "core.translation",
  "pk": 2029,
  "fields": {
    "translation": "destruction",
    "language_code": "en",
    "definition": null
  }
},
{
  "model": "core.translation",
  "pk": 2030,
  "fields": {
    "translation": "suppression",
    "language_code": "en",
    "definition": null
  }
},
{
  "model": "core.translation",
  "pk": 2031,
  "fields": {
    "translation": "conceptuality",
    "language_code": "en",
    "definition": null
  }
},
{
  "model": "core.translation",
  "pk": 2032,
  "fields": {
    "translation": "imputation",
    "language_code": "en",
    "definition": null
  }
},
{
  "model": "core.translation",
  "pk": 2033,
  "fields": {
    "translation": "investigation",
    "language_code": "en",
    "definition": null
  }
},
{
  "model": "core.translation",
  "pk": 2034,
  "fields": {
    "translation": "conceptual thought",
    "language_code": "en",
    "definition": null
  }
},
{
  "model": "core.translation",
  "pk": 2035,
  "fields": {
    "translation": "thought",
    "language_code": "en",
    "definition": null
  }
},
{
  "model": "core.translation",
  "pk": 2036,
  "fields": {
    "translation": "demonstrate",
    "language_code": "en",
    "definition": null
  }
},
{
  "model": "core.translation",
  "pk": 2037,
  "fields": {
    "translation": "teaching",
    "language_code": "en",
    "definition": null
  }
},
{
  "model": "core.translation",
  "pk": 2038,
  "fields": {
    "translation": "taught",
    "language_code": "en",
    "definition": null
  }
},
{
  "model": "core.translation",
  "pk": 2039,
  "fields": {
    "translation": "gather up",
    "language_code": "en",
    "definition": null
  }
},
{
  "model": "core.translation",
  "pk": 2040,
  "fields": {
    "translation": "included",
    "language_code": "en",
    "definition": null
  }
},
{
  "model": "core.translation",
  "pk": 2041,
  "fields": {
    "translation": "summary",
    "language_code": "en",
    "definition": null
  }
},
{
  "model": "core.translation",
  "pk": 2042,
  "fields": {
    "translation": "search",
    "language_code": "en",
    "definition": null
  }
},
{
  "model": "core.translation",
  "pk": 2043,
  "fields": {
    "translation": "examine",
    "language_code": "en",
    "definition": null
  }
},
{
  "model": "core.translation",
  "pk": 2044,
  "fields": {
    "translation": "analyze",
    "language_code": "en",
    "definition": null
  }
},
{
  "model": "core.translation",
  "pk": 2045,
  "fields": {
    "translation": "investigate",
    "language_code": "en",
    "definition": null
  }
},
{
  "model": "core.translation",
  "pk": 2046,
  "fields": {
    "translation": "carry out",
    "language_code": "en",
    "definition": null
  }
},
{
  "model": "core.translation",
  "pk": 2047,
  "fields": {
    "translation": "delusion",
    "language_code": "en",
    "definition": null
  }
},
{
  "model": "core.translation",
  "pk": 2049,
  "fields": {
    "translation": "dullness",
    "language_code": "en",
    "definition": null
  }
},
{
  "model": "core.translation",
  "pk": 2050,
  "fields": {
    "translation": "impute",
    "language_code": "en",
    "definition": null
  }
},
{
  "model": "core.translation",
  "pk": 2051,
  "fields": {
    "translation": "connect",
    "language_code": "en",
    "definition": null
  }
},
{
  "model": "core.translation",
  "pk": 2052,
  "fields": {
    "translation": "apply",
    "language_code": "en",
    "definition": null
  }
},
{
  "model": "core.translation",
  "pk": 2053,
  "fields": {
    "translation": "affix",
    "language_code": "en",
    "definition": null
  }
},
{
  "model": "core.translation",
  "pk": 2054,
  "fields": {
    "translation": "prepare",
    "language_code": "en",
    "definition": null
  }
},
{
  "model": "core.translation",
  "pk": 2055,
  "fields": {
    "translation": "establish",
    "language_code": "en",
    "definition": null
  }
},
{
  "model": "core.translation",
  "pk": 2056,
  "fields": {
    "translation": "application",
    "language_code": "en",
    "definition": null
  }
},
{
  "model": "core.translation",
  "pk": 2057,
  "fields": {
    "translation": "preparation",
    "language_code": "en",
    "definition": null
  }
},
{
  "model": "core.translation",
  "pk": 2058,
  "fields": {
    "translation": "exertion",
    "language_code": "en",
    "definition": null
  }
},
{
  "model": "core.translation",
  "pk": 2059,
  "fields": {
    "translation": "joining",
    "language_code": "en",
    "definition": null
  }
},
{
  "model": "core.translation",
  "pk": 2060,
  "fields": {
    "translation": "connection",
    "language_code": "en",
    "definition": null
  }
},
{
  "model": "core.translation",
  "pk": 2061,
  "fields": {
    "translation": "endeavor",
    "language_code": "en",
    "definition": null
  }
},
{
  "model": "core.translation",
  "pk": 2062,
  "fields": {
    "translation": "syllogism",
    "language_code": "en",
    "definition": null
  }
},
{
  "model": "core.translation",
  "pk": 2063,
  "fields": {
    "translation": "act out",
    "language_code": "en",
    "definition": null
  }
},
{
  "model": "core.translation",
  "pk": 2064,
  "fields": {
    "translation": "perform",
    "language_code": "en",
    "definition": null
  }
},
{
  "model": "core.translation",
  "pk": 2065,
  "fields": {
    "translation": "behavior",
    "language_code": "en",
    "definition": null
  }
},
{
  "model": "core.translation",
  "pk": 2066,
  "fields": {
    "translation": "deeds",
    "language_code": "en",
    "definition": null
  }
},
{
  "model": "core.translation",
  "pk": 2067,
  "fields": {
    "translation": "performance",
    "language_code": "en",
    "definition": null
  }
},
{
  "model": "core.translation",
  "pk": 2068,
  "fields": {
    "translation": "perceive",
    "language_code": "en",
    "definition": null
  }
},
{
  "model": "core.translation",
  "pk": 2069,
  "fields": {
    "translation": "illuminate",
    "language_code": "en",
    "definition": null
  }
},
{
  "model": "core.translation",
  "pk": 2070,
  "fields": {
    "translation": "appearance",
    "language_code": "en",
    "definition": null
  }
},
{
  "model": "core.translation",
  "pk": 2071,
  "fields": {
    "translation": "illumination",
    "language_code": "en",
    "definition": null
  }
},
{
  "model": "core.translation",
  "pk": 2072,
  "fields": {
    "translation": "lead",
    "language_code": "en",
    "definition": null
  }
},
{
  "model": "core.translation",
  "pk": 2073,
  "fields": {
    "translation": "draw",
    "language_code": "en",
    "definition": null
  }
},
{
  "model": "core.translation",
  "pk": 2074,
  "fields": {
    "translation": "cite",
    "language_code": "en",
    "definition": null
  }
},
{
  "model": "core.translation",
  "pk": 2075,
  "fields": {
    "translation": "quote",
    "language_code": "en",
    "definition": null
  }
},
{
  "model": "core.translation",
  "pk": 2076,
  "fields": {
    "translation": "pull",
    "language_code": "en",
    "definition": null
  }
},
{
  "model": "core.translation",
  "pk": 2077,
  "fields": {
    "translation": "conduct",
    "language_code": "en",
    "definition": null
  }
},
{
  "model": "core.translation",
  "pk": 2078,
  "fields": {
    "translation": "shared",
    "language_code": "en",
    "definition": null
  }
},
{
  "model": "core.translation",
  "pk": 2079,
  "fields": {
    "translation": "karma",
    "language_code": "es",
    "definition": ""
  }
},
{
  "model": "core.translation",
  "pk": 2080,
  "fields": {
    "translation": "terror",
    "language_code": "en",
    "definition": ""
  }
},
{
  "model": "core.translation",
  "pk": 2081,
  "fields": {
    "translation": "ilusi\u00f3n",
    "language_code": "es",
    "definition": ""
  }
},
{
  "model": "core.translation",
  "pk": 2082,
  "fields": {
    "translation": "confusion",
    "language_code": "en",
    "definition": ""
  }
},
{
  "model": "core.translation",
  "pk": 2083,
  "fields": {
    "translation": "weariness",
    "language_code": "en",
    "definition": ""
  }
},
{
  "model": "core.translation",
  "pk": 2084,
  "fields": {
    "translation": "Dharma",
    "language_code": "en",
    "definition": ""
  }
},
{
  "model": "core.word",
  "pk": 1,
  "fields": {
    "word": "\u0f40\u0f58\u0f0b\u0f54\u0f0b\u0f63\u0f72\u0f0d",
    "image": "",
    "pronunciation": "",
    "is_honorific": false,
    "thl_phonetic_transcription": "",
    "thl_wylie_transliteration": "",
    "grammar": "",
    "phrase": [],
    "categories": [
      6
    ],
    "translation": [
      2
    ]
  }
},
{
  "model": "core.word",
  "pk": 2,
  "fields": {
    "word": "\u0f40\u0f74\u0f0b\u0f64\u0f74\u0f0d",
    "image": "",
    "pronunciation": "",
    "is_honorific": false,
    "thl_phonetic_transcription": "",
    "thl_wylie_transliteration": "",
    "grammar": "",
    "phrase": [],
    "categories": [
      3
    ],
    "translation": [
      1
    ]
  }
},
{
  "model": "core.word",
  "pk": 3,
  "fields": {
    "word": "\u0f40\u0f0b\u0f56\u0f0d",
    "image": "",
    "pronunciation": "",
    "is_honorific": false,
    "thl_phonetic_transcription": "",
    "thl_wylie_transliteration": "",
    "grammar": "",
    "phrase": [],
    "categories": [
      4
    ],
    "translation": [
      5,
      4
    ]
  }
},
{
  "model": "core.word",
  "pk": 4,
  "fields": {
    "word": "\u0f40\u0f44\u0f0b\u0f51\u0fb2\u0f0d",
    "image": "",
    "pronunciation": "",
    "is_honorific": false,
    "thl_phonetic_transcription": "",
    "thl_wylie_transliteration": "",
    "grammar": "",
    "phrase": [],
    "categories": [
      5
    ],
    "translation": [
      6
    ]
  }
},
{
  "model": "core.word",
  "pk": 5,
  "fields": {
    "word": "\u0f40\u0f0b\u0f41\u0f0d",
    "image": "",
    "pronunciation": "",
    "is_honorific": false,
    "thl_phonetic_transcription": "",
    "thl_wylie_transliteration": "",
    "grammar": "",
    "phrase": [],
    "categories": [
      2
    ],
    "translation": [
      3
    ]
  }
},
{
  "model": "core.word",
  "pk": 6,
  "fields": {
    "word": "\u0f41\u0f44\u0f0b\u0f54\u0f0d",
    "image": "",
    "pronunciation": "",
    "is_honorific": false,
    "thl_phonetic_transcription": "",
    "thl_wylie_transliteration": "",
    "grammar": "",
    "phrase": [],
    "categories": [],
    "translation": [
      8
    ]
  }
},
{
  "model": "core.word",
  "pk": 7,
  "fields": {
    "word": "\u0f66\u0f94\u0f7c\u0f53\u0f0b\u0f54\u0f7c\u0f0d",
    "image": "",
    "pronunciation": "",
    "is_honorific": false,
    "thl_phonetic_transcription": "",
    "thl_wylie_transliteration": "",
    "grammar": "",
    "phrase": [],
    "categories": [],
    "translation": [
      9
    ]
  }
},
{
  "model": "core.word",
  "pk": 8,
  "fields": {
    "word": "\u0f66\u0f7a\u0f62\u0f0b\u0f54\u0f7c\u0f0d",
    "image": "",
    "pronunciation": "",
    "is_honorific": false,
    "thl_phonetic_transcription": "",
    "thl_wylie_transliteration": "",
    "grammar": "",
    "phrase": [],
    "categories": [],
    "translation": [
      11
    ]
  }
},
{
  "model": "core.word",
  "pk": 9,
  "fields": {
    "word": "\u0f53\u0f42\u0f0b\u0f54\u0f7c\u0f0d",
    "image": "",
    "pronunciation": "",
    "is_honorific": false,
    "thl_phonetic_transcription": "",
    "thl_wylie_transliteration": "",
    "grammar": "",
    "phrase": [],
    "categories": [],
    "translation": [
      12
    ]
  }
},
{
  "model": "core.word",
  "pk": 10,
  "fields": {
    "word": "\u0f51\u0f40\u0f62\u0f0b\u0f54\u0f7c\u0f0d",
    "image": "",
    "pronunciation": "",
    "is_honorific": false,
    "thl_phonetic_transcription": "",
    "thl_wylie_transliteration": "",
    "grammar": "",
    "phrase": [],
    "categories": [],
    "translation": [
      10
    ]
  }
},
{
  "model": "core.word",
  "pk": 11,
  "fields": {
    "word": "\u0f51\u0f42\u0f7c\u0f53\u0f0b\u0f54\u0f0d",
    "image": "",
    "pronunciation": "",
    "is_honorific": false,
    "thl_phonetic_transcription": "",
    "thl_wylie_transliteration": "",
    "grammar": "",
    "phrase": [],
    "categories": [],
    "translation": [
      13
    ]
  }
},
{
  "model": "core.word",
  "pk": 12,
  "fields": {
    "word": "\u0f66\u0f44\u0f66\u0f0b\u0f62\u0f92\u0fb1\u0f66\u0f0d",
    "image": "",
    "pronunciation": "",
    "is_honorific": false,
    "thl_phonetic_transcription": "",
    "thl_wylie_transliteration": "",
    "grammar": "",
    "phrase": [],
    "categories": [],
    "translation": [
      14
    ]
  }
},
{
  "model": "core.word",
  "pk": 16,
  "fields": {
    "word": "\u0f60\u0f41\u0f7c\u0f62\u0f0b\u0f56\u0f0b",
    "image": "",
    "pronunciation": "",
    "is_honorific": false,
    "thl_phonetic_transcription": "khor.wa",
    "thl_wylie_transliteration": "",
    "grammar": "",
    "phrase": [],
    "categories": [],
    "translation": [
      1931,
      277,
      662,
      507
    ]
  }
},
{
  "model": "core.word",
  "pk": 17,
  "fields": {
    "word": "\u0f53\u0f66",
    "image": "",
    "pronunciation": "",
    "is_honorific": false,
    "thl_phonetic_transcription": "ne",
    "thl_wylie_transliteration": "",
    "grammar": "",
    "phrase": [],
    "categories": [],
    "translation": [
      82,
      1992,
      322
    ]
  }
},
{
  "model": "core.word",
  "pk": 18,
  "fields": {
    "word": "\u0f51\u0f42",
    "image": "",
    "pronunciation": "",
    "is_honorific": false,
    "thl_phonetic_transcription": "dak",
    "thl_wylie_transliteration": "",
    "grammar": "",
    "phrase": [],
    "categories": [],
    "translation": [
      509,
      1933,
      279,
      663
    ]
  }
},
{
  "model": "core.word",
  "pk": 19,
  "fields": {
    "word": "\u0f40\u0f74\u0f53",
    "image": "",
    "pronunciation": "",
    "is_honorific": false,
    "thl_phonetic_transcription": "k\u00fcn",
    "thl_wylie_transliteration": "",
    "grammar": "",
    "phrase": [],
    "categories": [],
    "translation": [
      1934,
      81,
      510
    ]
  }
},
{
  "model": "core.word",
  "pk": 20,
  "fields": {
    "word": "\u0f51\u0f40\u0fb2\u0f72\u0f66\u0f0b\u0f54",
    "image": "",
    "pronunciation": "",
    "is_honorific": false,
    "thl_phonetic_transcription": "tri.pa",
    "thl_wylie_transliteration": "",
    "grammar": "",
    "phrase": [],
    "categories": [],
    "translation": [
      511,
      280,
      1935,
      664,
      719
    ]
  }
},
{
  "model": "core.word",
  "pk": 21,
  "fields": {
    "word": "\u0f58\u0f41\u0fb1\u0f7a\u0f53\u0f0b",
    "image": "",
    "pronunciation": "",
    "is_honorific": false,
    "thl_phonetic_transcription": "kien",
    "thl_wylie_transliteration": "",
    "grammar": "",
    "phrase": [],
    "categories": [],
    "translation": [
      68,
      1936,
      281
    ]
  }
},
{
  "model": "core.word",
  "pk": 22,
  "fields": {
    "word": "\u0f64\u0f72\u0f44\u0f0b\u0f54\u0f0b",
    "image": "",
    "pronunciation": "",
    "is_honorific": false,
    "thl_phonetic_transcription": "shin.pa",
    "thl_wylie_transliteration": "",
    "grammar": "",
    "phrase": [],
    "categories": [],
    "translation": [
      512,
      1937,
      665,
      282
    ]
  }
},
{
  "model": "core.word",
  "pk": 23,
  "fields": {
    "word": "\u0f64\u0f72\u0f44\u0f0b\u0f40",
    "image": "",
    "pronunciation": "",
    "is_honorific": false,
    "thl_phonetic_transcription": "shin.ka",
    "thl_wylie_transliteration": "",
    "grammar": "",
    "phrase": [],
    "categories": [],
    "translation": [
      513,
      1938,
      283,
      666
    ]
  }
},
{
  "model": "core.word",
  "pk": 24,
  "fields": {
    "word": "\u0f51\u0f7c\u0f53",
    "image": "",
    "pronunciation": "",
    "is_honorific": false,
    "thl_phonetic_transcription": "d\u00f6n",
    "thl_wylie_transliteration": "",
    "grammar": "",
    "phrase": [],
    "categories": [],
    "translation": [
      1996,
      284,
      1995,
      1939,
      1994,
      1997,
      514
    ]
  }
},
{
  "model": "core.word",
  "pk": 25,
  "fields": {
    "word": "\u0f66\u0f99\u0f72\u0f44\u0f0b\u0f54\u0f7c\u0f0b",
    "image": "",
    "pronunciation": "",
    "is_honorific": false,
    "thl_phonetic_transcription": "\u00f1inpo",
    "thl_wylie_transliteration": "",
    "grammar": "",
    "phrase": [],
    "categories": [],
    "translation": [
      515,
      1940
    ]
  }
},
{
  "model": "core.word",
  "pk": 26,
  "fields": {
    "word": "\u0f51\u0f42\u0f60",
    "image": "",
    "pronunciation": "",
    "is_honorific": false,
    "thl_phonetic_transcription": "ga",
    "thl_wylie_transliteration": "",
    "grammar": "",
    "phrase": [],
    "categories": [],
    "translation": [
      516,
      1941,
      285
    ]
  }
},
{
  "model": "core.word",
  "pk": 27,
  "fields": {
    "word": "\u0f5a\u0f7c\u0f42\u0f66\u0f0b\u0f54\u0f0b",
    "image": "",
    "pronunciation": "",
    "is_honorific": false,
    "thl_phonetic_transcription": "tsok.pa",
    "thl_wylie_transliteration": "",
    "grammar": "",
    "phrase": [],
    "categories": [],
    "translation": [
      65,
      517,
      1942
    ]
  }
},
{
  "model": "core.word",
  "pk": 28,
  "fields": {
    "word": "\u0f66\u0f92\u0fb2\u0f0b",
    "image": "",
    "pronunciation": "",
    "is_honorific": false,
    "thl_phonetic_transcription": "dra",
    "thl_wylie_transliteration": "",
    "grammar": "",
    "phrase": [],
    "categories": [],
    "translation": [
      518,
      1943
    ]
  }
},
{
  "model": "core.word",
  "pk": 29,
  "fields": {
    "word": "\u0f60\u0f42\u0fb2\u0f7c",
    "image": "",
    "pronunciation": "",
    "is_honorific": false,
    "thl_phonetic_transcription": "dro",
    "thl_wylie_transliteration": "",
    "grammar": "",
    "phrase": [],
    "categories": [],
    "translation": [
      1944,
      519
    ]
  }
},
{
  "model": "core.word",
  "pk": 30,
  "fields": {
    "word": "\u0f63\u0f94\u0f0b",
    "image": "",
    "pronunciation": "",
    "is_honorific": false,
    "thl_phonetic_transcription": "nga",
    "thl_wylie_transliteration": "",
    "grammar": "",
    "phrase": [],
    "categories": [],
    "translation": [
      520,
      1945
    ]
  }
},
{
  "model": "core.word",
  "pk": 31,
  "fields": {
    "word": "\u0f62\u0f92\u0fb1\u0f74",
    "image": "",
    "pronunciation": "",
    "is_honorific": false,
    "thl_phonetic_transcription": "yu",
    "thl_wylie_transliteration": "",
    "grammar": "",
    "phrase": [],
    "categories": [],
    "translation": [
      521,
      1946
    ]
  }
},
{
  "model": "core.word",
  "pk": 32,
  "fields": {
    "word": "\u0f56\u0fb1\u0f0b\u0f56\u0f0b",
    "image": "",
    "pronunciation": "",
    "is_honorific": false,
    "thl_phonetic_transcription": "cha.wa",
    "thl_wylie_transliteration": "",
    "grammar": "",
    "phrase": [],
    "categories": [],
    "translation": [
      300,
      1947
    ]
  }
},
{
  "model": "core.word",
  "pk": 33,
  "fields": {
    "word": "\u0f56\u0fb1\u0f7a\u0f51\u0f0b",
    "image": "",
    "pronunciation": "",
    "is_honorific": false,
    "thl_phonetic_transcription": "che",
    "thl_wylie_transliteration": "",
    "grammar": "",
    "phrase": [],
    "categories": [],
    "translation": [
      1948,
      522,
      1991,
      286
    ]
  }
},
{
  "model": "core.word",
  "pk": 34,
  "fields": {
    "word": "\u0f56\u0f62\u0f97\u0f7c\u0f51\u0f0b\u0f54",
    "image": "",
    "pronunciation": "",
    "is_honorific": false,
    "thl_phonetic_transcription": "yo.pa",
    "thl_wylie_transliteration": "",
    "grammar": "",
    "phrase": [],
    "categories": [],
    "translation": [
      668,
      523,
      1999,
      2001,
      287,
      1998,
      1949,
      2000,
      2002
    ]
  }
},
{
  "model": "core.word",
  "pk": 35,
  "fields": {
    "word": "\u0f49\u0f7c\u0f53\u0f0b\u0f58\u0f7c\u0f44\u0f66",
    "image": "",
    "pronunciation": "",
    "is_honorific": false,
    "thl_phonetic_transcription": "\u00f1on.mo",
    "thl_wylie_transliteration": "",
    "grammar": "",
    "phrase": [],
    "categories": [],
    "translation": [
      288,
      1950,
      669,
      524
    ]
  }
},
{
  "model": "core.word",
  "pk": 36,
  "fields": {
    "word": "\u0f66\u0f90\u0fb1\u0f7a\u0f51\u0f0b\u0f54",
    "image": "",
    "pronunciation": "",
    "is_honorific": false,
    "thl_phonetic_transcription": "kie.pa",
    "thl_wylie_transliteration": "",
    "grammar": "",
    "phrase": [],
    "categories": [],
    "translation": [
      1951,
      525,
      62
    ]
  }
},
{
  "model": "core.word",
  "pk": 37,
  "fields": {
    "word": "\u0f66\u0f90\u0fb1\u0f7c\u0f0b\u0f56",
    "image": "",
    "pronunciation": "",
    "is_honorific": false,
    "thl_phonetic_transcription": "kio.wa",
    "thl_wylie_transliteration": "",
    "grammar": "",
    "phrase": [],
    "categories": [],
    "translation": [
      724,
      1952,
      2003,
      289,
      2083
    ]
  }
},
{
  "model": "core.word",
  "pk": 38,
  "fields": {
    "word": "\u0f66\u0f90\u0fb2\u0f42\u0f0b",
    "image": "",
    "pronunciation": "",
    "is_honorific": false,
    "thl_phonetic_transcription": "trak",
    "thl_wylie_transliteration": "",
    "grammar": "",
    "phrase": [],
    "categories": [],
    "translation": [
      2007,
      670,
      2008,
      1953,
      2009,
      2004,
      2005,
      290,
      2006,
      720,
      2080,
      527,
      2010
    ]
  }
},
{
  "model": "core.word",
  "pk": 39,
  "fields": {
    "word": "\u0f58\u0f5b\u0f51",
    "image": "",
    "pronunciation": "",
    "is_honorific": false,
    "thl_phonetic_transcription": "tse",
    "thl_wylie_transliteration": "",
    "grammar": "",
    "phrase": [],
    "categories": [],
    "translation": [
      1948,
      528,
      2022,
      291
    ]
  }
},
{
  "model": "core.word",
  "pk": 40,
  "fields": {
    "word": "\u0f60\u0f41\u0fb2\u0f74\u0f42\u0f66\u0f0b\u0f54\u0f0b",
    "image": "",
    "pronunciation": "",
    "is_honorific": false,
    "thl_phonetic_transcription": "truk.pa",
    "thl_wylie_transliteration": "",
    "grammar": "",
    "phrase": [],
    "categories": [],
    "translation": [
      529,
      2012,
      2011,
      1954,
      2013,
      671,
      292
    ]
  }
},
{
  "model": "core.word",
  "pk": 41,
  "fields": {
    "word": "\u0f60\u0f42\u0fb1\u0f74\u0f62\u0f0b\u0f56\u0f0b",
    "image": "",
    "pronunciation": "",
    "is_honorific": false,
    "thl_phonetic_transcription": "yur.wa",
    "thl_wylie_transliteration": "",
    "grammar": "",
    "phrase": [],
    "categories": [],
    "translation": [
      2016,
      2015,
      530,
      1955,
      2017,
      2019,
      2014,
      672,
      2018,
      293,
      2020,
      2021
    ]
  }
},
{
  "model": "core.word",
  "pk": 42,
  "fields": {
    "word": "\u0f51\u0f44\u0f44\u0f0b\u0f56",
    "image": "",
    "pronunciation": "",
    "is_honorific": false,
    "thl_phonetic_transcription": "tang.wa",
    "thl_wylie_transliteration": "",
    "grammar": "",
    "phrase": [],
    "categories": [],
    "translation": [
      531,
      2023,
      290,
      2006,
      720,
      1956
    ]
  }
},
{
  "model": "core.word",
  "pk": 43,
  "fields": {
    "word": "\u0f56\u0f45\u0f7c\u0f58",
    "image": "",
    "pronunciation": "",
    "is_honorific": false,
    "thl_phonetic_transcription": "yom",
    "thl_wylie_transliteration": "",
    "grammar": "",
    "phrase": [],
    "categories": [],
    "translation": [
      1957,
      298,
      2028,
      49,
      2024
    ]
  }
},
{
  "model": "core.word",
  "pk": 44,
  "fields": {
    "word": "\u0f46\u0f7c\u0f66\u0f0b\u0f62\u0fa3\u0f58\u0f66",
    "image": "",
    "pronunciation": "",
    "is_honorific": false,
    "thl_phonetic_transcription": "ch\u00f6.nam",
    "thl_wylie_transliteration": "",
    "grammar": "",
    "phrase": [],
    "categories": [],
    "translation": [
      2084,
      294,
      532,
      1958
    ]
  }
},
{
  "model": "core.word",
  "pk": 45,
  "fields": {
    "word": "\u0f51\u0f40\u0f62\u0f0b\u0f54\u0f7c",
    "image": "",
    "pronunciation": "",
    "is_honorific": false,
    "thl_phonetic_transcription": "karpo",
    "thl_wylie_transliteration": "",
    "grammar": "",
    "phrase": [],
    "categories": [],
    "translation": [
      10,
      1959
    ]
  }
},
{
  "model": "core.word",
  "pk": 46,
  "fields": {
    "word": "\u0f46\u0f51\u0f0b\u0f54",
    "image": "",
    "pronunciation": "",
    "is_honorific": false,
    "thl_phonetic_transcription": "che.pa",
    "thl_wylie_transliteration": "",
    "grammar": "",
    "phrase": [],
    "categories": [],
    "translation": [
      295,
      2025,
      46,
      1960,
      673,
      2026
    ]
  }
},
{
  "model": "core.word",
  "pk": 47,
  "fields": {
    "word": "\u0f51\u0f42\u0f7a\u0f0b\u0f56",
    "image": "",
    "pronunciation": "",
    "is_honorific": false,
    "thl_phonetic_transcription": "ge.wa",
    "thl_wylie_transliteration": "",
    "grammar": "",
    "phrase": [],
    "categories": [],
    "translation": [
      674,
      47,
      1961,
      296
    ]
  }
},
{
  "model": "core.word",
  "pk": 48,
  "fields": {
    "word": "\u0f62\u0fa9\u0f0b\u0f56\u0f0b",
    "image": "",
    "pronunciation": "",
    "is_honorific": false,
    "thl_phonetic_transcription": "tsa.wa",
    "thl_wylie_transliteration": "",
    "grammar": "",
    "phrase": [],
    "categories": [],
    "translation": [
      297,
      48,
      1962
    ]
  }
},
{
  "model": "core.word",
  "pk": 49,
  "fields": {
    "word": "\u0f60\u0f47\u0f7c\u0f58\u0f66\u0f0b\u0f54\u0f0b",
    "image": "",
    "pronunciation": "",
    "is_honorific": false,
    "thl_phonetic_transcription": "yom.pa",
    "thl_wylie_transliteration": "",
    "grammar": "",
    "phrase": [],
    "categories": [],
    "translation": [
      2029,
      298,
      673,
      2028,
      49,
      2027,
      2030,
      1963
    ]
  }
},
{
  "model": "core.word",
  "pk": 50,
  "fields": {
    "word": "\u0f62\u0f9f\u0f7c\u0f42\u0f0b\u0f54\u0f0b",
    "image": "",
    "pronunciation": "",
    "is_honorific": false,
    "thl_phonetic_transcription": "tok.pa",
    "thl_wylie_transliteration": "",
    "grammar": "",
    "phrase": [],
    "categories": [],
    "translation": [
      721,
      1964,
      2031,
      2034,
      50,
      675,
      299,
      2032,
      2033,
      2035
    ]
  }
},
{
  "model": "core.word",
  "pk": 51,
  "fields": {
    "word": "\u0f63\u0f66\u0f0b",
    "image": "",
    "pronunciation": "",
    "is_honorific": false,
    "thl_phonetic_transcription": "le",
    "thl_wylie_transliteration": "",
    "grammar": "",
    "phrase": [],
    "categories": [],
    "translation": [
      300,
      51,
      2079,
      676
    ]
  }
},
{
  "model": "core.word",
  "pk": 52,
  "fields": {
    "word": "\u0f66\u0f9f\u0f7c\u0f53\u0f0b\u0f54",
    "image": "",
    "pronunciation": "",
    "is_honorific": false,
    "thl_phonetic_transcription": "t\u00f6n.pa",
    "thl_wylie_transliteration": "",
    "grammar": "",
    "phrase": [],
    "categories": [],
    "translation": [
      301,
      52,
      1965
    ]
  }
},
{
  "model": "core.word",
  "pk": 53,
  "fields": {
    "word": "\u0f56\u0f66\u0f9f\u0f53\u0f0b\u0f54\u0f0b",
    "image": "",
    "pronunciation": "",
    "is_honorific": false,
    "thl_phonetic_transcription": "den.pa",
    "thl_wylie_transliteration": "",
    "grammar": "",
    "phrase": [],
    "categories": [],
    "translation": [
      2036,
      53,
      302,
      52,
      1965,
      2038,
      1966,
      2037
    ]
  }
},
{
  "model": "core.word",
  "pk": 54,
  "fields": {
    "word": "\u0f60\u0f51\u0fb2\u0f7a\u0f53\u0f0b\u0f54",
    "image": "",
    "pronunciation": "",
    "is_honorific": false,
    "thl_phonetic_transcription": "tren.pa",
    "thl_wylie_transliteration": "",
    "grammar": "",
    "phrase": [],
    "categories": [],
    "translation": [
      2074,
      2077,
      722,
      2051,
      303,
      54,
      2073,
      1967,
      677,
      2072,
      2076,
      2075
    ]
  }
},
{
  "model": "core.word",
  "pk": 55,
  "fields": {
    "word": "\u0f60\u0f51\u0fb2\u0f7a\u0f66\u0f0b\u0f54\u0f0b",
    "image": "",
    "pronunciation": "",
    "is_honorific": false,
    "thl_phonetic_transcription": "tre.pa",
    "thl_wylie_transliteration": "",
    "grammar": "",
    "phrase": [],
    "categories": [],
    "translation": [
      678,
      55,
      1968,
      2078,
      304
    ]
  }
},
{
  "model": "core.word",
  "pk": 56,
  "fields": {
    "word": "\u0f66\u0fa3\u0f44\u0f0b\u0f56\u0f0b",
    "image": "",
    "pronunciation": "",
    "is_honorific": false,
    "thl_phonetic_transcription": "nag.wa",
    "thl_wylie_transliteration": "",
    "grammar": "",
    "phrase": [],
    "categories": [],
    "translation": [
      679,
      1969,
      2070,
      2069,
      2071,
      56,
      1980,
      305,
      2068
    ]
  }
},
{
  "model": "core.word",
  "pk": 57,
  "fields": {
    "word": "\u0f66\u0fa4\u0fb1\u0f7c\u0f51\u0f0b",
    "image": "",
    "pronunciation": "",
    "is_honorific": false,
    "thl_phonetic_transcription": "ch\u00f6.nam",
    "thl_wylie_transliteration": "",
    "grammar": "",
    "phrase": [],
    "categories": [],
    "translation": [
      2063,
      2065,
      723,
      2066,
      306,
      680,
      2064,
      2067,
      57,
      1970
    ]
  }
},
{
  "model": "core.word",
  "pk": 58,
  "fields": {
    "word": "\u0f66\u0fa6\u0fb1\u0f7c\u0f62\u0f0b\u0f56",
    "image": "",
    "pronunciation": "",
    "is_honorific": false,
    "thl_phonetic_transcription": "yor.wa",
    "thl_wylie_transliteration": "",
    "grammar": "",
    "phrase": [],
    "categories": [],
    "translation": [
      2053,
      681,
      2056,
      2052,
      2051,
      2060,
      2061,
      307,
      2055,
      2058,
      1971,
      2059,
      58,
      2057,
      2054,
      2062
    ]
  }
},
{
  "model": "core.word",
  "pk": 59,
  "fields": {
    "word": "\u0f62\u0fa8\u0f7c\u0f44\u0f66\u0f0b\u0f54",
    "image": "",
    "pronunciation": "",
    "is_honorific": false,
    "thl_phonetic_transcription": "mon.pa",
    "thl_wylie_transliteration": "",
    "grammar": "",
    "phrase": [],
    "categories": [],
    "translation": [
      2082,
      308,
      2047,
      59,
      2049,
      1988,
      76,
      2081,
      1972
    ]
  }
},
{
  "model": "core.word",
  "pk": 60,
  "fields": {
    "word": "\u0f56\u0f59\u0f63\u0f0b",
    "image": "",
    "pronunciation": "",
    "is_honorific": false,
    "thl_phonetic_transcription": "tsel",
    "thl_wylie_transliteration": "",
    "grammar": "",
    "phrase": [],
    "categories": [],
    "translation": [
      2044,
      60,
      2043,
      309,
      2045,
      682,
      2042,
      1973
    ]
  }
},
{
  "model": "core.word",
  "pk": 61,
  "fields": {
    "word": "\u0f5a\u0f72\u0f58\u0f0b\u0f54",
    "image": "",
    "pronunciation": "",
    "is_honorific": false,
    "thl_phonetic_transcription": "tsim.pa",
    "thl_wylie_transliteration": "",
    "grammar": "",
    "phrase": [],
    "categories": [],
    "translation": [
      310,
      61,
      1974
    ]
  }
},
{
  "model": "core.word",
  "pk": 62,
  "fields": {
    "word": "\u0f66\u0f90\u0fb1\u0f7a",
    "image": "",
    "pronunciation": "",
    "is_honorific": false,
    "thl_phonetic_transcription": "kie",
    "thl_wylie_transliteration": "",
    "grammar": "",
    "phrase": [],
    "categories": [],
    "translation": [
      683,
      1975,
      311,
      62
    ]
  }
},
{
  "model": "core.word",
  "pk": 63,
  "fields": {
    "word": "\u0f60\u0f5b\u0f72\u0f53\u0f0b\u0f54",
    "image": "",
    "pronunciation": "",
    "is_honorific": false,
    "thl_phonetic_transcription": "tsin.pa",
    "thl_wylie_transliteration": "",
    "grammar": "",
    "phrase": [],
    "categories": [],
    "translation": [
      310,
      61,
      1974
    ]
  }
},
{
  "model": "core.word",
  "pk": 64,
  "fields": {
    "word": "\u0f5e\u0f74\u0f58\u0f0b",
    "image": "",
    "pronunciation": "",
    "is_honorific": false,
    "thl_phonetic_transcription": "shum",
    "thl_wylie_transliteration": "",
    "grammar": "",
    "phrase": [],
    "categories": [],
    "translation": [
      64,
      724,
      1977,
      684,
      313
    ]
  }
},
{
  "model": "core.word",
  "pk": 65,
  "fields": {
    "word": "\u0f56\u0f5f\u0f44\u0f0b\u0f54\u0f7c",
    "image": "",
    "pronunciation": "",
    "is_honorific": false,
    "thl_phonetic_transcription": "sam.po",
    "thl_wylie_transliteration": "",
    "grammar": "",
    "phrase": [],
    "categories": [],
    "translation": [
      65,
      1978
    ]
  }
},
{
  "model": "core.word",
  "pk": 66,
  "fields": {
    "word": "\u0f56\u0f5f\u0f7c\u0f51\u0f0b",
    "image": "",
    "pronunciation": "",
    "is_honorific": false,
    "thl_phonetic_transcription": "s\u00f6",
    "thl_wylie_transliteration": "",
    "grammar": "",
    "phrase": [],
    "categories": [],
    "translation": [
      66,
      1979
    ]
  }
},
{
  "model": "core.word",
  "pk": 67,
  "fields": {
    "word": "\u0f60\u0f7c\u0f51",
    "image": "",
    "pronunciation": "",
    "is_honorific": false,
    "thl_phonetic_transcription": "\u00f6",
    "thl_wylie_transliteration": "",
    "grammar": "",
    "phrase": [],
    "categories": [],
    "translation": [
      1980,
      305,
      67
    ]
  }
},
{
  "model": "core.word",
  "pk": 68,
  "fields": {
    "word": "\u0f64\u0f7a\u0f66\u0f0b\u0f54",
    "image": "",
    "pronunciation": "",
    "is_honorific": false,
    "thl_phonetic_transcription": "she.pa",
    "thl_wylie_transliteration": "",
    "grammar": "",
    "phrase": [],
    "categories": [],
    "translation": [
      68,
      1936,
      281,
      314
    ]
  }
},
{
  "model": "core.word",
  "pk": 69,
  "fields": {
    "word": "\u0f66\u0f7c\u0f44\u0f0b\u0f56",
    "image": "",
    "pronunciation": "",
    "is_honorific": false,
    "thl_phonetic_transcription": "song.wa",
    "thl_wylie_transliteration": "",
    "grammar": "",
    "phrase": [],
    "categories": [],
    "translation": [
      69,
      1981,
      315,
      685,
      725
    ]
  }
},
{
  "model": "core.word",
  "pk": 70,
  "fields": {
    "word": "\u0f42\u0f66\u0f7c\u0f42\u0f0b",
    "image": "",
    "pronunciation": "",
    "is_honorific": false,
    "thl_phonetic_transcription": "sog",
    "thl_wylie_transliteration": "",
    "grammar": "",
    "phrase": [],
    "categories": [],
    "translation": [
      70,
      1982,
      686,
      316
    ]
  }
},
{
  "model": "core.word",
  "pk": 71,
  "fields": {
    "word": "\u0f56\u0f66\u0fb2\u0f74\u0f44\u0f0b\u0f56",
    "image": "",
    "pronunciation": "",
    "is_honorific": null,
    "thl_phonetic_transcription": "sung.wa",
    "thl_wylie_transliteration": "",
    "grammar": "",
    "phrase": [],
    "categories": [],
    "translation": [
      317,
      687,
      726,
      71,
      1983
    ]
  }
},
{
  "model": "core.word",
  "pk": 72,
  "fields": {
    "word": "\u0f56\u0f4f\u0f42\u0f66\u0f0b",
    "image": "",
    "pronunciation": "",
    "is_honorific": false,
    "thl_phonetic_transcription": "tak",
    "thl_wylie_transliteration": "",
    "grammar": "",
    "phrase": [],
    "categories": [],
    "translation": [
      1984,
      72,
      318,
      688,
      2050
    ]
  }
},
{
  "model": "core.word",
  "pk": 73,
  "fields": {
    "word": "\u0f44\u0f7c\u0f0b\u0f56\u0f7c",
    "image": "",
    "pronunciation": "",
    "is_honorific": false,
    "thl_phonetic_transcription": "ngo.wo",
    "thl_wylie_transliteration": "",
    "grammar": "",
    "phrase": [],
    "categories": [],
    "translation": [
      1985,
      73,
      319
    ]
  }
},
{
  "model": "core.word",
  "pk": 74,
  "fields": {
    "word": "\u0f62\u0f44\u0f0b\u0f56\u0f5e\u0f72\u0f53",
    "image": "",
    "pronunciation": "",
    "is_honorific": false,
    "thl_phonetic_transcription": "rang.shin",
    "thl_wylie_transliteration": "",
    "grammar": "",
    "phrase": [],
    "categories": [],
    "translation": [
      74,
      1986
    ]
  }
},
{
  "model": "core.word",
  "pk": 75,
  "fields": {
    "word": "\u0f46\u0f7c\u0f66\u0f0b",
    "image": "",
    "pronunciation": "",
    "is_honorific": false,
    "thl_phonetic_transcription": "ch\u00f6.nam",
    "thl_wylie_transliteration": "",
    "grammar": "",
    "phrase": [],
    "categories": [],
    "translation": [
      75,
      1987
    ]
  }
},
{
  "model": "core.word",
  "pk": 76,
  "fields": {
    "word": "\u0f58\u0f0b\u0f62\u0f72\u0f42\u0f0b\u0f54\u0f0b",
    "image": "",
    "pronunciation": "",
    "is_honorific": false,
    "thl_phonetic_transcription": "ma.rik.pa",
    "thl_wylie_transliteration": "",
    "grammar": "",
    "phrase": [],
    "categories": [],
    "translation": [
      1988,
      76
    ]
  }
},
{
  "model": "core.word",
  "pk": 77,
  "fields": {
    "word": "\u0f58\u0f5a\u0f53\u0f0b\u0f49\u0f72\u0f51\u0f0b",
    "image": "",
    "pronunciation": "",
    "is_honorific": false,
    "thl_phonetic_transcription": "tsen.\u00f1i",
    "thl_wylie_transliteration": "",
    "grammar": "",
    "phrase": [],
    "categories": [],
    "translation": [
      727,
      689,
      319,
      1989,
      77
    ]
  }
},
{
  "model": "core.word",
  "pk": 78,
  "fields": {
    "word": "\u0f56\u0f4f\u0f74\u0f66",
    "image": "",
    "pronunciation": "",
    "is_honorific": false,
    "thl_phonetic_transcription": "t\u00fc",
    "thl_wylie_transliteration": "",
    "grammar": "",
    "phrase": [],
    "categories": [],
    "translation": [
      690,
      1990,
      83,
      78
    ]
  }
},
{
  "model": "core.word",
  "pk": 79,
  "fields": {
    "word": "\u0f62\u0f9f\u0f7c\u0f42\u0f66\u0f0b\u0f54\u0f0b",
    "image": "",
    "pronunciation": "",
    "is_honorific": false,
    "thl_phonetic_transcription": "tok.pa",
    "thl_wylie_transliteration": "",
    "grammar": "",
    "phrase": [],
    "categories": [],
    "translation": [
      2046,
      79,
      1991,
      320,
      286
    ]
  }
},
{
  "model": "core.word",
  "pk": 80,
  "fields": {
    "word": "\u0f66\u0f7c\u0f42\u0f66\u0f0b\u0f54",
    "image": "",
    "pronunciation": "",
    "is_honorific": false,
    "thl_phonetic_transcription": "sok.pa",
    "thl_wylie_transliteration": "",
    "grammar": "",
    "phrase": [],
    "categories": [],
    "translation": [
      696,
      695,
      694,
      693,
      699,
      80,
      701,
      703,
      702,
      691,
      698,
      704,
      705,
      697,
      700
    ]
  }
},
{
  "model": "core.word",
  "pk": 81,
  "fields": {
    "word": "\u0f50\u0f58\u0f66\u0f0b\u0f45\u0f51\u0f0b",
    "image": "",
    "pronunciation": "",
    "is_honorific": false,
    "thl_phonetic_transcription": "tam.che",
    "thl_wylie_transliteration": "",
    "grammar": "",
    "phrase": [],
    "categories": [],
    "translation": [
      1934,
      81
    ]
  }
},
{
  "model": "core.word",
  "pk": 82,
  "fields": {
    "word": "\u0f42\u0f53\u0f66\u0f0b",
    "image": "",
    "pronunciation": "",
    "is_honorific": false,
    "thl_phonetic_transcription": "ne",
    "thl_wylie_transliteration": "",
    "grammar": "",
    "phrase": [],
    "categories": [],
    "translation": [
      82,
      1992,
      322
    ]
  }
},
{
  "model": "core.word",
  "pk": 83,
  "fields": {
    "word": "\u0f60\u0f51\u0f74\u0f66\u0f0b",
    "image": "",
    "pronunciation": "",
    "is_honorific": false,
    "thl_phonetic_transcription": "du",
    "thl_wylie_transliteration": "",
    "grammar": "",
    "phrase": [],
    "categories": [],
    "translation": [
      83,
      728,
      2039,
      2040,
      1993,
      692,
      323,
      2041
    ]
  }
},
{
  "model": "auth.permission",
  "pk": 1,
  "fields": {
    "name": "Can add log entry",
    "content_type": 1,
    "codename": "add_logentry"
  }
},
{
  "model": "auth.permission",
  "pk": 2,
  "fields": {
    "name": "Can change log entry",
    "content_type": 1,
    "codename": "change_logentry"
  }
},
{
  "model": "auth.permission",
  "pk": 3,
  "fields": {
    "name": "Can delete log entry",
    "content_type": 1,
    "codename": "delete_logentry"
  }
},
{
  "model": "auth.permission",
  "pk": 4,
  "fields": {
    "name": "Can add permission",
    "content_type": 2,
    "codename": "add_permission"
  }
},
{
  "model": "auth.permission",
  "pk": 5,
  "fields": {
    "name": "Can change permission",
    "content_type": 2,
    "codename": "change_permission"
  }
},
{
  "model": "auth.permission",
  "pk": 6,
  "fields": {
    "name": "Can delete permission",
    "content_type": 2,
    "codename": "delete_permission"
  }
},
{
  "model": "auth.permission",
  "pk": 7,
  "fields": {
    "name": "Can add group",
    "content_type": 3,
    "codename": "add_group"
  }
},
{
  "model": "auth.permission",
  "pk": 8,
  "fields": {
    "name": "Can change group",
    "content_type": 3,
    "codename": "change_group"
  }
},
{
  "model": "auth.permission",
  "pk": 9,
  "fields": {
    "name": "Can delete group",
    "content_type": 3,
    "codename": "delete_group"
  }
},
{
  "model": "auth.permission",
  "pk": 10,
  "fields": {
    "name": "Can add user",
    "content_type": 4,
    "codename": "add_user"
  }
},
{
  "model": "auth.permission",
  "pk": 11,
  "fields": {
    "name": "Can change user",
    "content_type": 4,
    "codename": "change_user"
  }
},
{
  "model": "auth.permission",
  "pk": 12,
  "fields": {
    "name": "Can delete user",
    "content_type": 4,
    "codename": "delete_user"
  }
},
{
  "model": "auth.permission",
  "pk": 13,
  "fields": {
    "name": "Can add content type",
    "content_type": 5,
    "codename": "add_contenttype"
  }
},
{
  "model": "auth.permission",
  "pk": 14,
  "fields": {
    "name": "Can change content type",
    "content_type": 5,
    "codename": "change_contenttype"
  }
},
{
  "model": "auth.permission",
  "pk": 15,
  "fields": {
    "name": "Can delete content type",
    "content_type": 5,
    "codename": "delete_contenttype"
  }
},
{
  "model": "auth.permission",
  "pk": 16,
  "fields": {
    "name": "Can add session",
    "content_type": 6,
    "codename": "add_session"
  }
},
{
  "model": "auth.permission",
  "pk": 17,
  "fields": {
    "name": "Can change session",
    "content_type": 6,
    "codename": "change_session"
  }
},
{
  "model": "auth.permission",
  "pk": 18,
  "fields": {
    "name": "Can delete session",
    "content_type": 6,
    "codename": "delete_session"
  }
},
{
  "model": "auth.permission",
  "pk": 19,
  "fields": {
    "name": "Can add category",
    "content_type": 7,
    "codename": "add_category"
  }
},
{
  "model": "auth.permission",
  "pk": 20,
  "fields": {
    "name": "Can change category",
    "content_type": 7,
    "codename": "change_category"
  }
},
{
  "model": "auth.permission",
  "pk": 21,
  "fields": {
    "name": "Can delete category",
    "content_type": 7,
    "codename": "delete_category"
  }
},
{
  "model": "auth.permission",
  "pk": 22,
  "fields": {
    "name": "Can add translation",
    "content_type": 8,
    "codename": "add_translation"
  }
},
{
  "model": "auth.permission",
  "pk": 23,
  "fields": {
    "name": "Can change translation",
    "content_type": 8,
    "codename": "change_translation"
  }
},
{
  "model": "auth.permission",
  "pk": 24,
  "fields": {
    "name": "Can delete translation",
    "content_type": 8,
    "codename": "delete_translation"
  }
},
{
  "model": "auth.permission",
  "pk": 25,
  "fields": {
    "name": "Can add phrase",
    "content_type": 9,
    "codename": "add_phrase"
  }
},
{
  "model": "auth.permission",
  "pk": 26,
  "fields": {
    "name": "Can change phrase",
    "content_type": 9,
    "codename": "change_phrase"
  }
},
{
  "model": "auth.permission",
  "pk": 27,
  "fields": {
    "name": "Can delete phrase",
    "content_type": 9,
    "codename": "delete_phrase"
  }
},
{
  "model": "auth.permission",
  "pk": 28,
  "fields": {
    "name": "Can add word",
    "content_type": 10,
    "codename": "add_word"
  }
},
{
  "model": "auth.permission",
  "pk": 29,
  "fields": {
    "name": "Can change word",
    "content_type": 10,
    "codename": "change_word"
  }
},
{
  "model": "auth.permission",
  "pk": 30,
  "fields": {
    "name": "Can delete word",
    "content_type": 10,
    "codename": "delete_word"
  }
},
{
  "model": "auth.permission",
  "pk": 31,
  "fields": {
    "name": "Can add score",
    "content_type": 11,
    "codename": "add_score"
  }
},
{
  "model": "auth.permission",
  "pk": 32,
  "fields": {
    "name": "Can change score",
    "content_type": 11,
    "codename": "change_score"
  }
},
{
  "model": "auth.permission",
  "pk": 33,
  "fields": {
    "name": "Can delete score",
    "content_type": 11,
    "codename": "delete_score"
  }
},
{
  "model": "auth.permission",
  "pk": 34,
  "fields": {
    "name": "Can add category",
    "content_type": 12,
    "codename": "add_category"
  }
},
{
  "model": "auth.permission",
  "pk": 35,
  "fields": {
    "name": "Can change category",
    "content_type": 12,
    "codename": "change_category"
  }
},
{
  "model": "auth.permission",
  "pk": 36,
  "fields": {
    "name": "Can delete category",
    "content_type": 12,
    "codename": "delete_category"
  }
},
{
  "model": "auth.permission",
  "pk": 37,
  "fields": {
    "name": "Can add translation",
    "content_type": 13,
    "codename": "add_translation"
  }
},
{
  "model": "auth.permission",
  "pk": 38,
  "fields": {
    "name": "Can change translation",
    "content_type": 13,
    "codename": "change_translation"
  }
},
{
  "model": "auth.permission",
  "pk": 39,
  "fields": {
    "name": "Can delete translation",
    "content_type": 13,
    "codename": "delete_translation"
  }
},
{
  "model": "auth.permission",
  "pk": 40,
  "fields": {
    "name": "Can add phrase",
    "content_type": 14,
    "codename": "add_phrase"
  }
},
{
  "model": "auth.permission",
  "pk": 41,
  "fields": {
    "name": "Can change phrase",
    "content_type": 14,
    "codename": "change_phrase"
  }
},
{
  "model": "auth.permission",
  "pk": 42,
  "fields": {
    "name": "Can delete phrase",
    "content_type": 14,
    "codename": "delete_phrase"
  }
},
{
  "model": "auth.permission",
  "pk": 43,
  "fields": {
    "name": "Can add word",
    "content_type": 15,
    "codename": "add_word"
  }
},
{
  "model": "auth.permission",
  "pk": 44,
  "fields": {
    "name": "Can change word",
    "content_type": 15,
    "codename": "change_word"
  }
},
{
  "model": "auth.permission",
  "pk": 45,
  "fields": {
    "name": "Can delete word",
    "content_type": 15,
    "codename": "delete_word"
  }
},
{
  "model": "auth.permission",
  "pk": 46,
  "fields": {
    "name": "Can add score",
    "content_type": 16,
    "codename": "add_score"
  }
},
{
  "model": "auth.permission",
  "pk": 47,
  "fields": {
    "name": "Can change score",
    "content_type": 16,
    "codename": "change_score"
  }
},
{
  "model": "auth.permission",
  "pk": 48,
  "fields": {
    "name": "Can delete score",
    "content_type": 16,
    "codename": "delete_score"
  }
},
{
  "model": "auth.user",
  "pk": 1,
  "fields": {
    "password": "pbkdf2_sha256$36000$zZxlIHqFCvl5$ICC3Knz+RYXf/RCYPj4a4dG5Flemj2M8cv4oUEAe/Us=",
    "last_login": "2018-02-25T01:07:55.532Z",
    "is_superuser": true,
    "username": "diego",
    "first_name": "",
    "last_name": "",
    "email": "",
    "is_staff": true,
    "is_active": true,
    "date_joined": "2016-01-26T09:50:07.244Z",
    "groups": [],
    "user_permissions": []
  }
},
{
  "model": "auth.user",
  "pk": 2,
  "fields": {
    "password": "pbkdf2_sha256$36000$9BI9NXtEovbG$6UInF7dIwIzyQIYh488th49T0fqYwpgwWhTd+GnybGk=",
    "last_login": "2018-02-25T01:21:08.167Z",
    "is_superuser": true,
    "username": "alberto",
    "first_name": "",
    "last_name": "",
    "email": "",
    "is_staff": true,
    "is_active": true,
    "date_joined": "2016-01-26T09:50:55Z",
    "groups": [],
    "user_permissions": []
  }
},
{
  "model": "auth.user",
  "pk": 3,
  "fields": {
    "password": "pbkdf2_sha256$20000$1a8UeWW6ZG9Y$gaBpkutqprpscGtpLxG8ZRK6kbw0CJLJmcWZf4/+Kdo=",
    "last_login": "2016-02-14T12:35:23Z",
    "is_superuser": true,
    "username": "arantxa",
    "first_name": "",
    "last_name": "",
    "email": "",
    "is_staff": true,
    "is_active": true,
    "date_joined": "2016-02-14T12:34:27Z",
    "groups": [],
    "user_permissions": []
  }
},
{
  "model": "admin.logentry",
  "pk": 1,
  "fields": {
    "action_time": "2016-01-26T09:50:55.904Z",
    "user": 1,
    "content_type": 4,
    "object_id": "2",
    "object_repr": "alberto",
    "action_flag": 1,
    "change_message": ""
  }
},
{
  "model": "admin.logentry",
  "pk": 2,
  "fields": {
    "action_time": "2016-01-26T09:51:28.343Z",
    "user": 1,
    "content_type": 4,
    "object_id": "2",
    "object_repr": "alberto",
    "action_flag": 2,
    "change_message": "Modificado/a is_staff y is_superuser."
  }
},
{
  "model": "admin.logentry",
  "pk": 3,
  "fields": {
    "action_time": "2016-01-27T08:56:04.783Z",
    "user": 1,
    "content_type": 10,
    "object_id": "1",
    "object_repr": "prueba",
    "action_flag": 1,
    "change_message": ""
  }
},
{
  "model": "admin.logentry",
  "pk": 4,
  "fields": {
    "action_time": "2016-01-27T08:57:37.988Z",
    "user": 1,
    "content_type": 10,
    "object_id": "1",
    "object_repr": "prueba",
    "action_flag": 3,
    "change_message": ""
  }
},
{
  "model": "admin.logentry",
  "pk": 5,
  "fields": {
    "action_time": "2016-01-27T09:31:30.335Z",
    "user": 1,
    "content_type": 10,
    "object_id": "2",
    "object_repr": "prueba",
    "action_flag": 1,
    "change_message": ""
  }
},
{
  "model": "admin.logentry",
  "pk": 6,
  "fields": {
    "action_time": "2016-01-27T09:42:40.939Z",
    "user": 1,
    "content_type": 7,
    "object_id": "1",
    "object_repr": "hogar",
    "action_flag": 1,
    "change_message": ""
  }
},
{
  "model": "admin.logentry",
  "pk": 7,
  "fields": {
    "action_time": "2016-01-27T09:44:58.238Z",
    "user": 1,
    "content_type": 8,
    "object_id": "1",
    "object_repr": "manta",
    "action_flag": 1,
    "change_message": ""
  }
},
{
  "model": "admin.logentry",
  "pk": 8,
  "fields": {
    "action_time": "2016-01-27T09:45:04.812Z",
    "user": 1,
    "content_type": 10,
    "object_id": "3",
    "object_repr": "\u0f40\u0f58\u0f0b\u0f54\u0f0b\u0f63\u0f72\u0f0b",
    "action_flag": 1,
    "change_message": ""
  }
},
{
  "model": "admin.logentry",
  "pk": 9,
  "fields": {
    "action_time": "2016-01-27T09:45:15.433Z",
    "user": 1,
    "content_type": 10,
    "object_id": "2",
    "object_repr": "prueba",
    "action_flag": 3,
    "change_message": ""
  }
},
{
  "model": "admin.logentry",
  "pk": 10,
  "fields": {
    "action_time": "2016-01-28T08:42:41.117Z",
    "user": 1,
    "content_type": 7,
    "object_id": "2",
    "object_repr": "fruta",
    "action_flag": 1,
    "change_message": ""
  }
},
{
  "model": "admin.logentry",
  "pk": 11,
  "fields": {
    "action_time": "2016-01-28T08:43:34.951Z",
    "user": 1,
    "content_type": 8,
    "object_id": "2",
    "object_repr": "manzana",
    "action_flag": 1,
    "change_message": ""
  }
},
{
  "model": "admin.logentry",
  "pk": 12,
  "fields": {
    "action_time": "2016-01-28T08:43:40.313Z",
    "user": 1,
    "content_type": 10,
    "object_id": "4",
    "object_repr": "\u0f40\u0f74\u0f0b\u0f64\u0f74\u0f0b",
    "action_flag": 1,
    "change_message": ""
  }
},
{
  "model": "admin.logentry",
  "pk": 13,
  "fields": {
    "action_time": "2016-01-28T08:44:19.808Z",
    "user": 1,
    "content_type": 7,
    "object_id": "3",
    "object_repr": "arquitectura",
    "action_flag": 1,
    "change_message": ""
  }
},
{
  "model": "admin.logentry",
  "pk": 14,
  "fields": {
    "action_time": "2016-01-28T08:44:55.804Z",
    "user": 1,
    "content_type": 8,
    "object_id": "3",
    "object_repr": "pilar",
    "action_flag": 1,
    "change_message": ""
  }
},
{
  "model": "admin.logentry",
  "pk": 15,
  "fields": {
    "action_time": "2016-01-28T08:45:13.964Z",
    "user": 1,
    "content_type": 8,
    "object_id": "4",
    "object_repr": "columna",
    "action_flag": 1,
    "change_message": ""
  }
},
{
  "model": "admin.logentry",
  "pk": 16,
  "fields": {
    "action_time": "2016-01-28T08:45:17.812Z",
    "user": 1,
    "content_type": 10,
    "object_id": "5",
    "object_repr": "\u0f40\u0f0b\u0f56\u0f0b",
    "action_flag": 1,
    "change_message": ""
  }
},
{
  "model": "admin.logentry",
  "pk": 17,
  "fields": {
    "action_time": "2016-01-28T08:46:00.088Z",
    "user": 1,
    "content_type": 7,
    "object_id": "4",
    "object_repr": "cocina",
    "action_flag": 1,
    "change_message": ""
  }
},
{
  "model": "admin.logentry",
  "pk": 18,
  "fields": {
    "action_time": "2016-01-28T08:46:51.533Z",
    "user": 1,
    "content_type": 8,
    "object_id": "5",
    "object_repr": "tenedor",
    "action_flag": 1,
    "change_message": ""
  }
},
{
  "model": "admin.logentry",
  "pk": 19,
  "fields": {
    "action_time": "2016-01-28T08:48:22.968Z",
    "user": 1,
    "content_type": 10,
    "object_id": "6",
    "object_repr": "\u0f40\u0f44\u0f0b\u0f51\u0fb2\u0f0b",
    "action_flag": 1,
    "change_message": ""
  }
},
{
  "model": "admin.logentry",
  "pk": 20,
  "fields": {
    "action_time": "2016-01-28T08:48:56.165Z",
    "user": 1,
    "content_type": 7,
    "object_id": "5",
    "object_repr": "lengua",
    "action_flag": 1,
    "change_message": ""
  }
},
{
  "model": "admin.logentry",
  "pk": 21,
  "fields": {
    "action_time": "2016-01-28T08:49:35.900Z",
    "user": 1,
    "content_type": 8,
    "object_id": "6",
    "object_repr": "alfabeto",
    "action_flag": 1,
    "change_message": ""
  }
},
{
  "model": "admin.logentry",
  "pk": 22,
  "fields": {
    "action_time": "2016-01-28T08:50:01.326Z",
    "user": 1,
    "content_type": 10,
    "object_id": "7",
    "object_repr": "\u0f40\u0f0b\u0f41\u0f0b",
    "action_flag": 1,
    "change_message": ""
  }
},
{
  "model": "admin.logentry",
  "pk": 23,
  "fields": {
    "action_time": "2016-02-14T12:34:27.405Z",
    "user": 2,
    "content_type": 4,
    "object_id": "3",
    "object_repr": "arantxa",
    "action_flag": 1,
    "change_message": ""
  }
},
{
  "model": "admin.logentry",
  "pk": 24,
  "fields": {
    "action_time": "2016-02-14T12:35:01.259Z",
    "user": 2,
    "content_type": 4,
    "object_id": "3",
    "object_repr": "arantxa",
    "action_flag": 2,
    "change_message": "Modificado/a is_staff."
  }
},
{
  "model": "admin.logentry",
  "pk": 25,
  "fields": {
    "action_time": "2016-02-14T12:40:20.690Z",
    "user": 1,
    "content_type": 4,
    "object_id": "3",
    "object_repr": "arantxa",
    "action_flag": 2,
    "change_message": "Modificado/a is_superuser."
  }
},
{
  "model": "admin.logentry",
  "pk": 26,
  "fields": {
    "action_time": "2016-03-19T09:58:49.205Z",
    "user": 2,
    "content_type": 7,
    "object_id": "6",
    "object_repr": "Familia",
    "action_flag": 1,
    "change_message": ""
  }
},
{
  "model": "admin.logentry",
  "pk": 27,
  "fields": {
    "action_time": "2016-03-19T09:59:05.827Z",
    "user": 2,
    "content_type": 8,
    "object_id": "7",
    "object_repr": "padres",
    "action_flag": 1,
    "change_message": ""
  }
},
{
  "model": "admin.logentry",
  "pk": 28,
  "fields": {
    "action_time": "2016-03-19T09:59:13.648Z",
    "user": 2,
    "content_type": 10,
    "object_id": "8",
    "object_repr": "\u0f55\u0f0b\u0f58\u0f0d",
    "action_flag": 1,
    "change_message": ""
  }
},
{
  "model": "admin.logentry",
  "pk": 29,
  "fields": {
    "action_time": "2016-08-24T15:22:46.987Z",
    "user": 1,
    "content_type": 12,
    "object_id": "1",
    "object_repr": "familia",
    "action_flag": 1,
    "change_message": ""
  }
},
{
  "model": "admin.logentry",
  "pk": 30,
  "fields": {
    "action_time": "2016-08-24T15:22:55.779Z",
    "user": 1,
    "content_type": 12,
    "object_id": "2",
    "object_repr": "lengua",
    "action_flag": 1,
    "change_message": ""
  }
},
{
  "model": "admin.logentry",
  "pk": 31,
  "fields": {
    "action_time": "2016-08-24T15:23:06.103Z",
    "user": 1,
    "content_type": 12,
    "object_id": "3",
    "object_repr": "fruta",
    "action_flag": 1,
    "change_message": ""
  }
},
{
  "model": "admin.logentry",
  "pk": 32,
  "fields": {
    "action_time": "2016-08-24T15:23:18.614Z",
    "user": 1,
    "content_type": 12,
    "object_id": "4",
    "object_repr": "arquitectura",
    "action_flag": 1,
    "change_message": ""
  }
},
{
  "model": "admin.logentry",
  "pk": 33,
  "fields": {
    "action_time": "2016-08-24T15:23:33.381Z",
    "user": 1,
    "content_type": 12,
    "object_id": "5",
    "object_repr": "cocina",
    "action_flag": 1,
    "change_message": ""
  }
},
{
  "model": "admin.logentry",
  "pk": 34,
  "fields": {
    "action_time": "2016-08-24T15:23:52.543Z",
    "user": 1,
    "content_type": 12,
    "object_id": "6",
    "object_repr": "hogar",
    "action_flag": 1,
    "change_message": ""
  }
},
{
  "model": "admin.logentry",
  "pk": 35,
  "fields": {
    "action_time": "2016-08-24T15:25:00.922Z",
    "user": 1,
    "content_type": 13,
    "object_id": "1",
    "object_repr": "manzana",
    "action_flag": 1,
    "change_message": ""
  }
},
{
  "model": "admin.logentry",
  "pk": 36,
  "fields": {
    "action_time": "2016-08-24T15:25:12.337Z",
    "user": 1,
    "content_type": 13,
    "object_id": "2",
    "object_repr": "manta",
    "action_flag": 1,
    "change_message": ""
  }
},
{
  "model": "admin.logentry",
  "pk": 37,
  "fields": {
    "action_time": "2016-08-24T15:25:28.133Z",
    "user": 1,
    "content_type": 13,
    "object_id": "3",
    "object_repr": "alfabeto",
    "action_flag": 1,
    "change_message": ""
  }
},
{
  "model": "admin.logentry",
  "pk": 38,
  "fields": {
    "action_time": "2016-08-24T15:25:42.504Z",
    "user": 1,
    "content_type": 13,
    "object_id": "4",
    "object_repr": "pilar",
    "action_flag": 1,
    "change_message": ""
  }
},
{
  "model": "admin.logentry",
  "pk": 39,
  "fields": {
    "action_time": "2016-08-24T15:26:00.821Z",
    "user": 1,
    "content_type": 13,
    "object_id": "5",
    "object_repr": "columna",
    "action_flag": 1,
    "change_message": ""
  }
},
{
  "model": "admin.logentry",
  "pk": 40,
  "fields": {
    "action_time": "2016-08-24T15:26:25.219Z",
    "user": 1,
    "content_type": 13,
    "object_id": "6",
    "object_repr": "tenedor",
    "action_flag": 1,
    "change_message": ""
  }
},
{
  "model": "admin.logentry",
  "pk": 41,
  "fields": {
    "action_time": "2016-08-24T15:26:51.243Z",
    "user": 1,
    "content_type": 15,
    "object_id": "1",
    "object_repr": "\u0f40\u0f58\u0f0b\u0f54\u0f0b\u0f63\u0f72\u0f0b",
    "action_flag": 1,
    "change_message": ""
  }
},
{
  "model": "admin.logentry",
  "pk": 42,
  "fields": {
    "action_time": "2016-08-24T15:27:16.099Z",
    "user": 1,
    "content_type": 15,
    "object_id": "2",
    "object_repr": "\u0f40\u0f74\u0f0b\u0f64\u0f74\u0f0b",
    "action_flag": 1,
    "change_message": ""
  }
},
{
  "model": "admin.logentry",
  "pk": 43,
  "fields": {
    "action_time": "2016-08-24T15:27:36.998Z",
    "user": 1,
    "content_type": 15,
    "object_id": "3",
    "object_repr": "\u0f40\u0f0b\u0f56\u0f0b",
    "action_flag": 1,
    "change_message": ""
  }
},
{
  "model": "admin.logentry",
  "pk": 44,
  "fields": {
    "action_time": "2016-08-24T15:27:58.598Z",
    "user": 1,
    "content_type": 15,
    "object_id": "4",
    "object_repr": "\u0f40\u0f44\u0f0b\u0f51\u0fb2\u0f0b",
    "action_flag": 1,
    "change_message": ""
  }
},
{
  "model": "admin.logentry",
  "pk": 45,
  "fields": {
    "action_time": "2016-08-24T15:28:28.981Z",
    "user": 1,
    "content_type": 15,
    "object_id": "5",
    "object_repr": "\u0f40\u0f0b\u0f41\u0f0b",
    "action_flag": 1,
    "change_message": ""
  }
},
{
  "model": "admin.logentry",
  "pk": 46,
  "fields": {
    "action_time": "2016-11-25T22:13:24.367Z",
    "user": 2,
    "content_type": 13,
    "object_id": "7",
    "object_repr": "\u0f40\u0f60\u0f66\u0f60",
    "action_flag": 1,
    "change_message": ""
  }
},
{
  "model": "admin.logentry",
  "pk": 47,
  "fields": {
    "action_time": "2016-11-25T22:13:42.091Z",
    "user": 2,
    "content_type": 13,
    "object_id": "8",
    "object_repr": "casa",
    "action_flag": 1,
    "change_message": ""
  }
},
{
  "model": "admin.logentry",
  "pk": 48,
  "fields": {
    "action_time": "2016-11-25T22:13:56.690Z",
    "user": 2,
    "content_type": 15,
    "object_id": "6",
    "object_repr": "\u0f41\u0f44\u0f0b\u0f54\u0f0d",
    "action_flag": 1,
    "change_message": ""
  }
},
{
  "model": "admin.logentry",
  "pk": 49,
  "fields": {
    "action_time": "2016-11-25T22:14:11.522Z",
    "user": 2,
    "content_type": 15,
    "object_id": "6",
    "object_repr": "\u0f41\u0f44\u0f0b\u0f54\u0f0d",
    "action_flag": 2,
    "change_message": "No ha cambiado ning\u00fan campo."
  }
},
{
  "model": "admin.logentry",
  "pk": 50,
  "fields": {
    "action_time": "2016-11-25T22:14:35.370Z",
    "user": 2,
    "content_type": 13,
    "object_id": "7",
    "object_repr": "\u0f40\u0f60\u0f66\u0f60",
    "action_flag": 3,
    "change_message": ""
  }
},
{
  "model": "admin.logentry",
  "pk": 51,
  "fields": {
    "action_time": "2016-11-25T22:17:57.932Z",
    "user": 2,
    "content_type": 13,
    "object_id": "9",
    "object_repr": "azul",
    "action_flag": 1,
    "change_message": ""
  }
},
{
  "model": "admin.logentry",
  "pk": 52,
  "fields": {
    "action_time": "2016-11-25T22:18:09.715Z",
    "user": 2,
    "content_type": 13,
    "object_id": "10",
    "object_repr": "blanco",
    "action_flag": 1,
    "change_message": ""
  }
},
{
  "model": "admin.logentry",
  "pk": 53,
  "fields": {
    "action_time": "2016-11-25T22:18:20.545Z",
    "user": 2,
    "content_type": 13,
    "object_id": "11",
    "object_repr": "amarillo",
    "action_flag": 1,
    "change_message": ""
  }
},
{
  "model": "admin.logentry",
  "pk": 54,
  "fields": {
    "action_time": "2016-11-25T22:18:47.699Z",
    "user": 2,
    "content_type": 13,
    "object_id": "12",
    "object_repr": "negro",
    "action_flag": 1,
    "change_message": ""
  }
},
{
  "model": "admin.logentry",
  "pk": 55,
  "fields": {
    "action_time": "2016-11-25T22:20:11.340Z",
    "user": 2,
    "content_type": 15,
    "object_id": "7",
    "object_repr": "\u0f66\u0f94\u0f7c\u0f53\u0f0b\u0f54\u0f7c\u0f0d",
    "action_flag": 1,
    "change_message": ""
  }
},
{
  "model": "admin.logentry",
  "pk": 56,
  "fields": {
    "action_time": "2016-11-25T22:23:06.217Z",
    "user": 2,
    "content_type": 15,
    "object_id": "8",
    "object_repr": "\u0f66\u0f7a\u0f62\u0f0b\u0f54\u0f7c\u0f0d",
    "action_flag": 1,
    "change_message": ""
  }
},
{
  "model": "admin.logentry",
  "pk": 57,
  "fields": {
    "action_time": "2016-11-25T22:23:59.516Z",
    "user": 2,
    "content_type": 15,
    "object_id": "9",
    "object_repr": "\u0f53\u0f42\u0f0b\u0f54\u0f7c\u0f0d",
    "action_flag": 1,
    "change_message": ""
  }
},
{
  "model": "admin.logentry",
  "pk": 58,
  "fields": {
    "action_time": "2016-11-25T22:24:53.061Z",
    "user": 2,
    "content_type": 15,
    "object_id": "10",
    "object_repr": "\u0f51\u0f40\u0f62\u0f0b\u0f54\u0f7c\u0f0d",
    "action_flag": 1,
    "change_message": ""
  }
},
{
  "model": "admin.logentry",
  "pk": 59,
  "fields": {
    "action_time": "2016-11-25T22:26:28.357Z",
    "user": 2,
    "content_type": 13,
    "object_id": "13",
    "object_repr": "monasterio",
    "action_flag": 1,
    "change_message": ""
  }
},
{
  "model": "admin.logentry",
  "pk": 60,
  "fields": {
    "action_time": "2016-11-25T22:26:30.126Z",
    "user": 2,
    "content_type": 15,
    "object_id": "11",
    "object_repr": "\u0f51\u0f42\u0f7c\u0f53\u0f0b\u0f54\u0f0d",
    "action_flag": 1,
    "change_message": ""
  }
},
{
  "model": "admin.logentry",
  "pk": 61,
  "fields": {
    "action_time": "2016-11-25T22:28:17.058Z",
    "user": 2,
    "content_type": 13,
    "object_id": "14",
    "object_repr": "Buda",
    "action_flag": 1,
    "change_message": ""
  }
},
{
  "model": "admin.logentry",
  "pk": 62,
  "fields": {
    "action_time": "2016-11-25T22:28:48.332Z",
    "user": 2,
    "content_type": 15,
    "object_id": "12",
    "object_repr": "\u0f66\u0f44\u0f66\u0f0b\u0f62\u0f92\u0fb1\u0f66\u0f0d",
    "action_flag": 1,
    "change_message": ""
  }
},
{
  "model": "admin.logentry",
  "pk": 63,
  "fields": {
    "action_time": "2016-11-27T15:53:01.456Z",
    "user": 2,
    "content_type": 15,
    "object_id": "1",
    "object_repr": "\u0f40\u0f58\u0f0b\u0f54\u0f0b\u0f63\u0f72\u0f0d",
    "action_flag": 2,
    "change_message": "Modificado/a word."
  }
},
{
  "model": "admin.logentry",
  "pk": 64,
  "fields": {
    "action_time": "2016-11-27T15:53:26.256Z",
    "user": 2,
    "content_type": 15,
    "object_id": "2",
    "object_repr": "\u0f40\u0f74\u0f0b\u0f64\u0f74\u0f0d",
    "action_flag": 2,
    "change_message": "Modificado/a word."
  }
},
{
  "model": "admin.logentry",
  "pk": 65,
  "fields": {
    "action_time": "2016-11-27T15:53:45.124Z",
    "user": 2,
    "content_type": 15,
    "object_id": "3",
    "object_repr": "\u0f40\u0f0b\u0f56\u0f0d",
    "action_flag": 2,
    "change_message": "Modificado/a word."
  }
},
{
  "model": "admin.logentry",
  "pk": 66,
  "fields": {
    "action_time": "2016-11-27T15:55:15.084Z",
    "user": 2,
    "content_type": 15,
    "object_id": "4",
    "object_repr": "\u0f40\u0f44\u0f0b\u0f51\u0fb2\u0f0d",
    "action_flag": 2,
    "change_message": "Modificado/a word."
  }
},
{
  "model": "admin.logentry",
  "pk": 67,
  "fields": {
    "action_time": "2016-11-27T15:55:37.461Z",
    "user": 2,
    "content_type": 15,
    "object_id": "5",
    "object_repr": "\u0f40\u0f0b\u0f41\u0f0d",
    "action_flag": 2,
    "change_message": "Modificado/a word."
  }
},
{
  "model": "admin.logentry",
  "pk": 68,
  "fields": {
    "action_time": "2017-03-11T22:14:04.024Z",
    "user": 1,
    "content_type": 15,
    "object_id": "83",
    "object_repr": "\u0f60\u0f51\u0f74\u0f66\u0f0b",
    "action_flag": 2,
    "change_message": "Modificado/a is_honorific y translation."
  }
},
{
  "model": "admin.logentry",
  "pk": 69,
  "fields": {
    "action_time": "2017-03-11T22:28:57.996Z",
    "user": 1,
    "content_type": 15,
    "object_id": "18",
    "object_repr": "\u0f51\u0f42",
    "action_flag": 2,
    "change_message": "Modificado/a is_honorific y translation."
  }
},
{
  "model": "admin.logentry",
  "pk": 70,
  "fields": {
    "action_time": "2017-03-11T22:32:47.038Z",
    "user": 1,
    "content_type": 15,
    "object_id": "18",
    "object_repr": "\u0f51\u0f42",
    "action_flag": 2,
    "change_message": "Modificado/a translation."
  }
},
{
  "model": "admin.logentry",
  "pk": 71,
  "fields": {
    "action_time": "2017-03-11T22:37:30.020Z",
    "user": 1,
    "content_type": 15,
    "object_id": "17",
    "object_repr": "\u0f53\u0f66",
    "action_flag": 2,
    "change_message": "Modificado/a is_honorific y translation."
  }
},
{
  "model": "admin.logentry",
  "pk": 72,
  "fields": {
    "action_time": "2017-03-11T22:40:41.332Z",
    "user": 1,
    "content_type": 15,
    "object_id": "19",
    "object_repr": "\u0f40\u0f74\u0f53",
    "action_flag": 2,
    "change_message": "Modificado/a is_honorific y translation."
  }
},
{
  "model": "admin.logentry",
  "pk": 73,
  "fields": {
    "action_time": "2017-03-11T22:42:12.953Z",
    "user": 1,
    "content_type": 15,
    "object_id": "26",
    "object_repr": "\u0f51\u0f42\u0f60",
    "action_flag": 2,
    "change_message": "Modificado/a is_honorific y translation."
  }
},
{
  "model": "admin.logentry",
  "pk": 74,
  "fields": {
    "action_time": "2017-03-11T22:44:40.738Z",
    "user": 1,
    "content_type": 15,
    "object_id": "24",
    "object_repr": "\u0f51\u0f7c\u0f53",
    "action_flag": 2,
    "change_message": "Modificado/a is_honorific y translation."
  }
},
{
  "model": "admin.logentry",
  "pk": 75,
  "fields": {
    "action_time": "2017-03-11T22:45:58.254Z",
    "user": 1,
    "content_type": 15,
    "object_id": "39",
    "object_repr": "\u0f58\u0f5b\u0f51",
    "action_flag": 2,
    "change_message": "Modificado/a is_honorific y translation."
  }
},
{
  "model": "admin.logentry",
  "pk": 76,
  "fields": {
    "action_time": "2017-03-11T22:47:10.011Z",
    "user": 1,
    "content_type": 15,
    "object_id": "67",
    "object_repr": "\u0f60\u0f7c\u0f51",
    "action_flag": 2,
    "change_message": "Modificado/a is_honorific y translation."
  }
},
{
  "model": "admin.logentry",
  "pk": 77,
  "fields": {
    "action_time": "2017-03-11T22:48:29.804Z",
    "user": 1,
    "content_type": 15,
    "object_id": "51",
    "object_repr": "\u0f63\u0f66\u0f0b",
    "action_flag": 2,
    "change_message": "Modificado/a is_honorific y translation."
  }
},
{
  "model": "admin.logentry",
  "pk": 78,
  "fields": {
    "action_time": "2017-03-11T22:49:47.135Z",
    "user": 1,
    "content_type": 13,
    "object_id": "321",
    "object_repr": "etc",
    "action_flag": 3,
    "change_message": ""
  }
},
{
  "model": "admin.logentry",
  "pk": 79,
  "fields": {
    "action_time": "2017-03-11T22:56:06.076Z",
    "user": 1,
    "content_type": 13,
    "object_id": "51",
    "object_repr": "karma",
    "action_flag": 2,
    "change_message": "Modificado/a language_code."
  }
},
{
  "model": "admin.logentry",
  "pk": 80,
  "fields": {
    "action_time": "2017-03-11T22:57:41.017Z",
    "user": 1,
    "content_type": 13,
    "object_id": "51",
    "object_repr": "karma",
    "action_flag": 2,
    "change_message": "No ha cambiado ning\u00fan campo."
  }
},
{
  "model": "admin.logentry",
  "pk": 81,
  "fields": {
    "action_time": "2017-03-11T22:57:48.485Z",
    "user": 1,
    "content_type": 13,
    "object_id": "2079",
    "object_repr": "karma",
    "action_flag": 1,
    "change_message": ""
  }
},
{
  "model": "admin.logentry",
  "pk": 82,
  "fields": {
    "action_time": "2017-03-11T22:58:25.015Z",
    "user": 1,
    "content_type": 15,
    "object_id": "51",
    "object_repr": "\u0f63\u0f66\u0f0b",
    "action_flag": 2,
    "change_message": "Modificado/a translation."
  }
},
{
  "model": "admin.logentry",
  "pk": 83,
  "fields": {
    "action_time": "2017-03-11T23:00:11.676Z",
    "user": 1,
    "content_type": 15,
    "object_id": "30",
    "object_repr": "\u0f63\u0f94\u0f0b",
    "action_flag": 2,
    "change_message": "Modificado/a is_honorific y translation."
  }
},
{
  "model": "admin.logentry",
  "pk": 84,
  "fields": {
    "action_time": "2017-03-11T23:01:53.547Z",
    "user": 1,
    "content_type": 15,
    "object_id": "82",
    "object_repr": "\u0f42\u0f53\u0f66\u0f0b",
    "action_flag": 2,
    "change_message": "Modificado/a is_honorific y translation."
  }
},
{
  "model": "admin.logentry",
  "pk": 85,
  "fields": {
    "action_time": "2017-03-11T23:03:41.730Z",
    "user": 1,
    "content_type": 15,
    "object_id": "46",
    "object_repr": "\u0f46\u0f51\u0f0b\u0f54",
    "action_flag": 2,
    "change_message": "Modificado/a is_honorific y translation."
  }
},
{
  "model": "admin.logentry",
  "pk": 86,
  "fields": {
    "action_time": "2017-03-11T23:25:39.401Z",
    "user": 1,
    "content_type": 15,
    "object_id": "75",
    "object_repr": "\u0f46\u0f7c\u0f66\u0f0b",
    "action_flag": 2,
    "change_message": "Modificado/a is_honorific y translation."
  }
},
{
  "model": "admin.logentry",
  "pk": 87,
  "fields": {
    "action_time": "2017-03-11T23:27:37.808Z",
    "user": 1,
    "content_type": 15,
    "object_id": "43",
    "object_repr": "\u0f56\u0f45\u0f7c\u0f58",
    "action_flag": 2,
    "change_message": "Modificado/a is_honorific y translation."
  }
},
{
  "model": "admin.logentry",
  "pk": 88,
  "fields": {
    "action_time": "2017-03-11T23:29:48.924Z",
    "user": 1,
    "content_type": 15,
    "object_id": "78",
    "object_repr": "\u0f56\u0f4f\u0f74\u0f66",
    "action_flag": 2,
    "change_message": "Modificado/a is_honorific y translation."
  }
},
{
  "model": "admin.logentry",
  "pk": 89,
  "fields": {
    "action_time": "2017-03-11T23:32:29.113Z",
    "user": 1,
    "content_type": 15,
    "object_id": "60",
    "object_repr": "\u0f56\u0f59\u0f63\u0f0b",
    "action_flag": 2,
    "change_message": "Modificado/a is_honorific y translation."
  }
},
{
  "model": "admin.logentry",
  "pk": 90,
  "fields": {
    "action_time": "2017-03-11T23:34:56.735Z",
    "user": 1,
    "content_type": 15,
    "object_id": "64",
    "object_repr": "\u0f5e\u0f74\u0f58\u0f0b",
    "action_flag": 2,
    "change_message": "Modificado/a is_honorific y translation."
  }
},
{
  "model": "admin.logentry",
  "pk": 91,
  "fields": {
    "action_time": "2017-03-11T23:35:51.734Z",
    "user": 1,
    "content_type": 15,
    "object_id": "29",
    "object_repr": "\u0f60\u0f42\u0fb2\u0f7c",
    "action_flag": 2,
    "change_message": "Modificado/a is_honorific y translation."
  }
},
{
  "model": "admin.logentry",
  "pk": 92,
  "fields": {
    "action_time": "2017-03-11T23:36:34.069Z",
    "user": 1,
    "content_type": 15,
    "object_id": "31",
    "object_repr": "\u0f62\u0f92\u0fb1\u0f74",
    "action_flag": 2,
    "change_message": "Modificado/a is_honorific y translation."
  }
},
{
  "model": "admin.logentry",
  "pk": 93,
  "fields": {
    "action_time": "2017-03-11T23:38:26.171Z",
    "user": 1,
    "content_type": 15,
    "object_id": "62",
    "object_repr": "\u0f66\u0f90\u0fb1\u0f7a",
    "action_flag": 2,
    "change_message": "Modificado/a is_honorific y translation."
  }
},
{
  "model": "admin.logentry",
  "pk": 94,
  "fields": {
    "action_time": "2017-03-11T23:39:12.244Z",
    "user": 1,
    "content_type": 15,
    "object_id": "28",
    "object_repr": "\u0f66\u0f92\u0fb2\u0f0b",
    "action_flag": 2,
    "change_message": "Modificado/a is_honorific y translation."
  }
},
{
  "model": "admin.logentry",
  "pk": 95,
  "fields": {
    "action_time": "2017-03-11T23:40:54.936Z",
    "user": 1,
    "content_type": 15,
    "object_id": "70",
    "object_repr": "\u0f42\u0f66\u0f7c\u0f42\u0f0b",
    "action_flag": 2,
    "change_message": "Modificado/a is_honorific y translation."
  }
},
{
  "model": "admin.logentry",
  "pk": 96,
  "fields": {
    "action_time": "2017-03-11T23:41:43.142Z",
    "user": 1,
    "content_type": 15,
    "object_id": "73",
    "object_repr": "\u0f44\u0f7c\u0f0b\u0f56\u0f7c",
    "action_flag": 2,
    "change_message": "Modificado/a is_honorific y translation."
  }
},
{
  "model": "admin.logentry",
  "pk": 97,
  "fields": {
    "action_time": "2017-03-11T23:43:01.458Z",
    "user": 1,
    "content_type": 15,
    "object_id": "47",
    "object_repr": "\u0f51\u0f42\u0f7a\u0f0b\u0f56",
    "action_flag": 2,
    "change_message": "Modificado/a is_honorific y translation."
  }
},
{
  "model": "admin.logentry",
  "pk": 98,
  "fields": {
    "action_time": "2017-03-11T23:44:38.413Z",
    "user": 1,
    "content_type": 15,
    "object_id": "42",
    "object_repr": "\u0f51\u0f44\u0f44\u0f0b\u0f56",
    "action_flag": 2,
    "change_message": "Modificado/a is_honorific y translation."
  }
},
{
  "model": "admin.logentry",
  "pk": 99,
  "fields": {
    "action_time": "2017-03-11T23:45:57.638Z",
    "user": 1,
    "content_type": 15,
    "object_id": "72",
    "object_repr": "\u0f56\u0f4f\u0f42\u0f66\u0f0b",
    "action_flag": 2,
    "change_message": "Modificado/a is_honorific y translation."
  }
},
{
  "model": "admin.logentry",
  "pk": 100,
  "fields": {
    "action_time": "2017-03-11T23:47:26.869Z",
    "user": 1,
    "content_type": 15,
    "object_id": "66",
    "object_repr": "\u0f56\u0f5f\u0f7c\u0f51\u0f0b",
    "action_flag": 2,
    "change_message": "Modificado/a is_honorific y translation."
  }
},
{
  "model": "admin.logentry",
  "pk": 101,
  "fields": {
    "action_time": "2017-03-11T23:48:26.457Z",
    "user": 1,
    "content_type": 15,
    "object_id": "32",
    "object_repr": "\u0f56\u0fb1\u0f0b\u0f56\u0f0b",
    "action_flag": 2,
    "change_message": "Modificado/a is_honorific y translation."
  }
},
{
  "model": "admin.logentry",
  "pk": 102,
  "fields": {
    "action_time": "2017-03-11T23:49:55.995Z",
    "user": 1,
    "content_type": 15,
    "object_id": "33",
    "object_repr": "\u0f56\u0fb1\u0f7a\u0f51\u0f0b",
    "action_flag": 2,
    "change_message": "Modificado/a is_honorific y translation."
  }
},
{
  "model": "admin.logentry",
  "pk": 103,
  "fields": {
    "action_time": "2017-03-11T23:51:50.833Z",
    "user": 1,
    "content_type": 15,
    "object_id": "61",
    "object_repr": "\u0f5a\u0f72\u0f58\u0f0b\u0f54",
    "action_flag": 2,
    "change_message": "Modificado/a is_honorific y translation."
  }
},
{
  "model": "admin.logentry",
  "pk": 104,
  "fields": {
    "action_time": "2017-03-11T23:54:00.312Z",
    "user": 1,
    "content_type": 15,
    "object_id": "83",
    "object_repr": "\u0f60\u0f51\u0f74\u0f66\u0f0b",
    "action_flag": 2,
    "change_message": "Modificado/a translation."
  }
},
{
  "model": "admin.logentry",
  "pk": 105,
  "fields": {
    "action_time": "2017-03-11T23:55:05.081Z",
    "user": 1,
    "content_type": 15,
    "object_id": "48",
    "object_repr": "\u0f62\u0fa9\u0f0b\u0f56\u0f0b",
    "action_flag": 2,
    "change_message": "Modificado/a is_honorific y translation."
  }
},
{
  "model": "admin.logentry",
  "pk": 106,
  "fields": {
    "action_time": "2017-03-11T23:56:35.224Z",
    "user": 1,
    "content_type": 15,
    "object_id": "23",
    "object_repr": "\u0f64\u0f72\u0f44\u0f0b\u0f40",
    "action_flag": 2,
    "change_message": "Modificado/a is_honorific y translation."
  }
},
{
  "model": "admin.logentry",
  "pk": 107,
  "fields": {
    "action_time": "2017-03-11T23:58:59.191Z",
    "user": 1,
    "content_type": 13,
    "object_id": "314",
    "object_repr": "saber un tema",
    "action_flag": 2,
    "change_message": "Modificado/a translation."
  }
},
{
  "model": "admin.logentry",
  "pk": 108,
  "fields": {
    "action_time": "2017-03-11T23:59:39.335Z",
    "user": 1,
    "content_type": 15,
    "object_id": "68",
    "object_repr": "\u0f64\u0f7a\u0f66\u0f0b\u0f54",
    "action_flag": 2,
    "change_message": "Modificado/a is_honorific y translation."
  }
},
{
  "model": "admin.logentry",
  "pk": 109,
  "fields": {
    "action_time": "2017-03-12T00:01:22.520Z",
    "user": 1,
    "content_type": 15,
    "object_id": "69",
    "object_repr": "\u0f66\u0f7c\u0f44\u0f0b\u0f56",
    "action_flag": 2,
    "change_message": "Modificado/a is_honorific y translation."
  }
},
{
  "model": "admin.logentry",
  "pk": 110,
  "fields": {
    "action_time": "2017-03-12T00:02:21.650Z",
    "user": 1,
    "content_type": 15,
    "object_id": "69",
    "object_repr": "\u0f66\u0f7c\u0f44\u0f0b\u0f56",
    "action_flag": 2,
    "change_message": "Modificado/a translation."
  }
},
{
  "model": "admin.logentry",
  "pk": 111,
  "fields": {
    "action_time": "2017-03-12T00:06:37.828Z",
    "user": 1,
    "content_type": 15,
    "object_id": "38",
    "object_repr": "\u0f66\u0f90\u0fb2\u0f42\u0f0b",
    "action_flag": 2,
    "change_message": "Modificado/a is_honorific y translation."
  }
},
{
  "model": "admin.logentry",
  "pk": 112,
  "fields": {
    "action_time": "2017-03-12T00:07:31.231Z",
    "user": 1,
    "content_type": 13,
    "object_id": "2080",
    "object_repr": "terror",
    "action_flag": 1,
    "change_message": ""
  }
},
{
  "model": "admin.logentry",
  "pk": 113,
  "fields": {
    "action_time": "2017-03-12T00:08:25.736Z",
    "user": 1,
    "content_type": 15,
    "object_id": "38",
    "object_repr": "\u0f66\u0f90\u0fb2\u0f42\u0f0b",
    "action_flag": 2,
    "change_message": "Modificado/a translation."
  }
},
{
  "model": "admin.logentry",
  "pk": 114,
  "fields": {
    "action_time": "2017-03-12T00:10:25.154Z",
    "user": 1,
    "content_type": 15,
    "object_id": "45",
    "object_repr": "\u0f51\u0f40\u0f62\u0f0b\u0f54\u0f7c",
    "action_flag": 2,
    "change_message": "Modificado/a is_honorific y translation."
  }
},
{
  "model": "admin.logentry",
  "pk": 115,
  "fields": {
    "action_time": "2017-03-12T00:10:54.251Z",
    "user": 1,
    "content_type": 13,
    "object_id": "1959",
    "object_repr": "white",
    "action_flag": 2,
    "change_message": "Modificado/a translation."
  }
},
{
  "model": "admin.logentry",
  "pk": 116,
  "fields": {
    "action_time": "2017-03-12T00:12:41.428Z",
    "user": 1,
    "content_type": 15,
    "object_id": "65",
    "object_repr": "\u0f56\u0f5f\u0f44\u0f0b\u0f54\u0f7c",
    "action_flag": 2,
    "change_message": "Modificado/a is_honorific y translation."
  }
},
{
  "model": "admin.logentry",
  "pk": 117,
  "fields": {
    "action_time": "2017-03-12T00:14:03.654Z",
    "user": 1,
    "content_type": 15,
    "object_id": "21",
    "object_repr": "\u0f58\u0f41\u0fb1\u0f7a\u0f53\u0f0b",
    "action_flag": 2,
    "change_message": "Modificado/a is_honorific y translation."
  }
},
{
  "model": "admin.logentry",
  "pk": 118,
  "fields": {
    "action_time": "2017-03-12T00:15:26.849Z",
    "user": 1,
    "content_type": 15,
    "object_id": "63",
    "object_repr": "\u0f60\u0f5b\u0f72\u0f53\u0f0b\u0f54",
    "action_flag": 2,
    "change_message": "Modificado/a is_honorific y translation."
  }
},
{
  "model": "admin.logentry",
  "pk": 119,
  "fields": {
    "action_time": "2017-03-12T00:17:10.818Z",
    "user": 1,
    "content_type": 15,
    "object_id": "22",
    "object_repr": "\u0f64\u0f72\u0f44\u0f0b\u0f54\u0f0b",
    "action_flag": 2,
    "change_message": "Modificado/a is_honorific y translation."
  }
},
{
  "model": "admin.logentry",
  "pk": 120,
  "fields": {
    "action_time": "2017-03-12T00:19:03.480Z",
    "user": 1,
    "content_type": 13,
    "object_id": "2048",
    "object_repr": "confusion",
    "action_flag": 3,
    "change_message": ""
  }
},
{
  "model": "admin.logentry",
  "pk": 121,
  "fields": {
    "action_time": "2017-03-12T00:19:03.513Z",
    "user": 1,
    "content_type": 13,
    "object_id": "526",
    "object_repr": "desanimo",
    "action_flag": 3,
    "change_message": ""
  }
},
{
  "model": "admin.logentry",
  "pk": 122,
  "fields": {
    "action_time": "2017-03-12T08:39:19.068Z",
    "user": 1,
    "content_type": 15,
    "object_id": "40",
    "object_repr": "\u0f60\u0f41\u0fb2\u0f74\u0f42\u0f66\u0f0b\u0f54\u0f0b",
    "action_flag": 2,
    "change_message": "Modificado/a is_honorific y translation."
  }
},
{
  "model": "admin.logentry",
  "pk": 123,
  "fields": {
    "action_time": "2017-03-12T08:40:55.488Z",
    "user": 1,
    "content_type": 15,
    "object_id": "25",
    "object_repr": "\u0f66\u0f99\u0f72\u0f44\u0f0b\u0f54\u0f7c\u0f0b",
    "action_flag": 2,
    "change_message": "Modificado/a is_honorific y translation."
  }
},
{
  "model": "admin.logentry",
  "pk": 124,
  "fields": {
    "action_time": "2017-03-12T08:42:12.746Z",
    "user": 1,
    "content_type": 15,
    "object_id": "79",
    "object_repr": "\u0f62\u0f9f\u0f7c\u0f42\u0f66\u0f0b\u0f54\u0f0b",
    "action_flag": 2,
    "change_message": "Modificado/a is_honorific y translation."
  }
},
{
  "model": "admin.logentry",
  "pk": 125,
  "fields": {
    "action_time": "2017-03-12T08:43:54.317Z",
    "user": 1,
    "content_type": 15,
    "object_id": "55",
    "object_repr": "\u0f60\u0f51\u0fb2\u0f7a\u0f66\u0f0b\u0f54\u0f0b",
    "action_flag": 2,
    "change_message": "Modificado/a is_honorific y translation."
  }
},
{
  "model": "admin.logentry",
  "pk": 126,
  "fields": {
    "action_time": "2017-03-12T08:45:53.091Z",
    "user": 1,
    "content_type": 15,
    "object_id": "49",
    "object_repr": "\u0f60\u0f47\u0f7c\u0f58\u0f66\u0f0b\u0f54\u0f0b",
    "action_flag": 2,
    "change_message": "Modificado/a is_honorific y translation."
  }
},
{
  "model": "admin.logentry",
  "pk": 127,
  "fields": {
    "action_time": "2017-03-12T08:48:24.298Z",
    "user": 1,
    "content_type": 15,
    "object_id": "41",
    "object_repr": "\u0f60\u0f42\u0fb1\u0f74\u0f62\u0f0b\u0f56\u0f0b",
    "action_flag": 2,
    "change_message": "Modificado/a is_honorific y translation."
  }
},
{
  "model": "admin.logentry",
  "pk": 128,
  "fields": {
    "action_time": "2017-03-12T08:49:23.164Z",
    "user": 1,
    "content_type": 13,
    "object_id": "293",
    "object_repr": "transformar",
    "action_flag": 2,
    "change_message": "Modificado/a translation."
  }
},
{
  "model": "admin.logentry",
  "pk": 129,
  "fields": {
    "action_time": "2017-03-12T08:53:13.720Z",
    "user": 1,
    "content_type": 15,
    "object_id": "77",
    "object_repr": "\u0f58\u0f5a\u0f53\u0f0b\u0f49\u0f72\u0f51\u0f0b",
    "action_flag": 2,
    "change_message": "Modificado/a is_honorific y translation."
  }
},
{
  "model": "admin.logentry",
  "pk": 130,
  "fields": {
    "action_time": "2017-03-12T08:54:51.993Z",
    "user": 1,
    "content_type": 15,
    "object_id": "77",
    "object_repr": "\u0f58\u0f5a\u0f53\u0f0b\u0f49\u0f72\u0f51\u0f0b",
    "action_flag": 2,
    "change_message": "Modificado/a translation."
  }
},
{
  "model": "admin.logentry",
  "pk": 131,
  "fields": {
    "action_time": "2017-03-12T08:55:28.231Z",
    "user": 1,
    "content_type": 15,
    "object_id": "76",
    "object_repr": "\u0f58\u0f0b\u0f62\u0f72\u0f42\u0f0b\u0f54\u0f0b",
    "action_flag": 2,
    "change_message": "Modificado/a is_honorific y translation."
  }
},
{
  "model": "admin.logentry",
  "pk": 132,
  "fields": {
    "action_time": "2017-03-12T08:56:30.449Z",
    "user": 1,
    "content_type": 15,
    "object_id": "35",
    "object_repr": "\u0f49\u0f7c\u0f53\u0f0b\u0f58\u0f7c\u0f44\u0f66",
    "action_flag": 2,
    "change_message": "Modificado/a is_honorific y translation."
  }
},
{
  "model": "admin.logentry",
  "pk": 133,
  "fields": {
    "action_time": "2017-03-12T08:59:23.994Z",
    "user": 1,
    "content_type": 15,
    "object_id": "44",
    "object_repr": "\u0f46\u0f7c\u0f66\u0f0b\u0f62\u0fa3\u0f58\u0f66",
    "action_flag": 2,
    "change_message": "Modificado/a is_honorific y translation."
  }
},
{
  "model": "admin.logentry",
  "pk": 134,
  "fields": {
    "action_time": "2017-03-12T09:00:28.718Z",
    "user": 1,
    "content_type": 15,
    "object_id": "44",
    "object_repr": "\u0f46\u0f7c\u0f66\u0f0b\u0f62\u0fa3\u0f58\u0f66",
    "action_flag": 2,
    "change_message": "Modificado/a translation."
  }
},
{
  "model": "admin.logentry",
  "pk": 135,
  "fields": {
    "action_time": "2017-03-12T09:04:44.033Z",
    "user": 1,
    "content_type": 15,
    "object_id": "58",
    "object_repr": "\u0f66\u0fa6\u0fb1\u0f7c\u0f62\u0f0b\u0f56",
    "action_flag": 2,
    "change_message": "Modificado/a is_honorific y translation."
  }
},
{
  "model": "admin.logentry",
  "pk": 136,
  "fields": {
    "action_time": "2017-03-12T09:06:49.459Z",
    "user": 1,
    "content_type": 15,
    "object_id": "58",
    "object_repr": "\u0f66\u0fa6\u0fb1\u0f7c\u0f62\u0f0b\u0f56",
    "action_flag": 2,
    "change_message": "Modificado/a translation."
  }
},
{
  "model": "admin.logentry",
  "pk": 137,
  "fields": {
    "action_time": "2017-03-12T09:07:46.321Z",
    "user": 1,
    "content_type": 15,
    "object_id": "36",
    "object_repr": "\u0f66\u0f90\u0fb1\u0f7a\u0f51\u0f0b\u0f54",
    "action_flag": 2,
    "change_message": "Modificado/a is_honorific y translation."
  }
},
{
  "model": "admin.logentry",
  "pk": 138,
  "fields": {
    "action_time": "2017-03-12T09:10:56.943Z",
    "user": 1,
    "content_type": 13,
    "object_id": "2081",
    "object_repr": "ilusi\u00f3n",
    "action_flag": 1,
    "change_message": ""
  }
},
{
  "model": "admin.logentry",
  "pk": 139,
  "fields": {
    "action_time": "2017-03-12T09:12:29.230Z",
    "user": 1,
    "content_type": 13,
    "object_id": "2082",
    "object_repr": "confusion",
    "action_flag": 1,
    "change_message": ""
  }
},
{
  "model": "admin.logentry",
  "pk": 140,
  "fields": {
    "action_time": "2017-03-12T09:12:57.537Z",
    "user": 1,
    "content_type": 15,
    "object_id": "59",
    "object_repr": "\u0f62\u0fa8\u0f7c\u0f44\u0f66\u0f0b\u0f54",
    "action_flag": 2,
    "change_message": "Modificado/a is_honorific y translation."
  }
},
{
  "model": "admin.logentry",
  "pk": 141,
  "fields": {
    "action_time": "2017-03-12T09:15:20.039Z",
    "user": 1,
    "content_type": 15,
    "object_id": "50",
    "object_repr": "\u0f62\u0f9f\u0f7c\u0f42\u0f0b\u0f54\u0f0b",
    "action_flag": 2,
    "change_message": "Modificado/a is_honorific y translation."
  }
},
{
  "model": "admin.logentry",
  "pk": 142,
  "fields": {
    "action_time": "2017-03-12T09:16:56.514Z",
    "user": 1,
    "content_type": 15,
    "object_id": "50",
    "object_repr": "\u0f62\u0f9f\u0f7c\u0f42\u0f0b\u0f54\u0f0b",
    "action_flag": 2,
    "change_message": "Modificado/a translation."
  }
},
{
  "model": "admin.logentry",
  "pk": 143,
  "fields": {
    "action_time": "2017-03-12T09:23:47.710Z",
    "user": 1,
    "content_type": 15,
    "object_id": "74",
    "object_repr": "\u0f62\u0f44\u0f0b\u0f56\u0f5e\u0f72\u0f53",
    "action_flag": 2,
    "change_message": "Modificado/a is_honorific y translation."
  }
},
{
  "model": "admin.logentry",
  "pk": 144,
  "fields": {
    "action_time": "2017-03-12T09:27:12.863Z",
    "user": 1,
    "content_type": 15,
    "object_id": "54",
    "object_repr": "\u0f60\u0f51\u0fb2\u0f7a\u0f53\u0f0b\u0f54",
    "action_flag": 2,
    "change_message": "Modificado/a is_honorific y translation."
  }
},
{
  "model": "admin.logentry",
  "pk": 145,
  "fields": {
    "action_time": "2017-03-12T09:28:50.914Z",
    "user": 1,
    "content_type": 15,
    "object_id": "16",
    "object_repr": "\u0f60\u0f41\u0f7c\u0f62\u0f0b\u0f56\u0f0b",
    "action_flag": 2,
    "change_message": "Modificado/a is_honorific y translation."
  }
},
{
  "model": "admin.logentry",
  "pk": 146,
  "fields": {
    "action_time": "2017-03-12T09:32:03.998Z",
    "user": 1,
    "content_type": 15,
    "object_id": "27",
    "object_repr": "\u0f5a\u0f7c\u0f42\u0f66\u0f0b\u0f54\u0f0b",
    "action_flag": 2,
    "change_message": "Modificado/a is_honorific y translation."
  }
},
{
  "model": "admin.logentry",
  "pk": 147,
  "fields": {
    "action_time": "2017-03-12T09:32:42.455Z",
    "user": 1,
    "content_type": 13,
    "object_id": "667",
    "object_repr": "execelente",
    "action_flag": 3,
    "change_message": ""
  }
},
{
  "model": "admin.logentry",
  "pk": 148,
  "fields": {
    "action_time": "2017-03-12T09:32:53.571Z",
    "user": 1,
    "content_type": 13,
    "object_id": "1931",
    "object_repr": "existence",
    "action_flag": 2,
    "change_message": "Modificado/a translation."
  }
},
{
  "model": "admin.logentry",
  "pk": 149,
  "fields": {
    "action_time": "2017-03-12T09:33:24.996Z",
    "user": 1,
    "content_type": 13,
    "object_id": "1942",
    "object_repr": "excellent",
    "action_flag": 2,
    "change_message": "Modificado/a translation."
  }
},
{
  "model": "admin.logentry",
  "pk": 150,
  "fields": {
    "action_time": "2017-03-12T09:37:05.693Z",
    "user": 1,
    "content_type": 15,
    "object_id": "71",
    "object_repr": "\u0f56\u0f66\u0fb2\u0f74\u0f44\u0f0b\u0f56",
    "action_flag": 2,
    "change_message": "Modificado/a translation."
  }
},
{
  "model": "admin.logentry",
  "pk": 151,
  "fields": {
    "action_time": "2017-03-12T09:49:45.986Z",
    "user": 1,
    "content_type": 15,
    "object_id": "53",
    "object_repr": "\u0f56\u0f66\u0f9f\u0f53\u0f0b\u0f54\u0f0b",
    "action_flag": 2,
    "change_message": "Modificado/a is_honorific y translation."
  }
},
{
  "model": "admin.logentry",
  "pk": 152,
  "fields": {
    "action_time": "2017-03-12T09:52:04.114Z",
    "user": 1,
    "content_type": 15,
    "object_id": "34",
    "object_repr": "\u0f56\u0f62\u0f97\u0f7c\u0f51\u0f0b\u0f54",
    "action_flag": 2,
    "change_message": "Modificado/a is_honorific y translation."
  }
},
{
  "model": "admin.logentry",
  "pk": 153,
  "fields": {
    "action_time": "2017-03-12T09:54:17.614Z",
    "user": 1,
    "content_type": 15,
    "object_id": "34",
    "object_repr": "\u0f56\u0f62\u0f97\u0f7c\u0f51\u0f0b\u0f54",
    "action_flag": 2,
    "change_message": "Modificado/a translation."
  }
},
{
  "model": "admin.logentry",
  "pk": 154,
  "fields": {
    "action_time": "2017-03-12T09:55:37.968Z",
    "user": 1,
    "content_type": 15,
    "object_id": "20",
    "object_repr": "\u0f51\u0f40\u0fb2\u0f72\u0f66\u0f0b\u0f54",
    "action_flag": 2,
    "change_message": "Modificado/a is_honorific y translation."
  }
},
{
  "model": "admin.logentry",
  "pk": 155,
  "fields": {
    "action_time": "2017-03-12T09:57:28.330Z",
    "user": 1,
    "content_type": 15,
    "object_id": "81",
    "object_repr": "\u0f50\u0f58\u0f66\u0f0b\u0f45\u0f51\u0f0b",
    "action_flag": 2,
    "change_message": "Modificado/a is_honorific, thl_phonetic_transcription y translation."
  }
},
{
  "model": "admin.logentry",
  "pk": 156,
  "fields": {
    "action_time": "2017-03-12T10:00:02Z",
    "user": 1,
    "content_type": 15,
    "object_id": "57",
    "object_repr": "\u0f66\u0fa4\u0fb1\u0f7c\u0f51\u0f0b",
    "action_flag": 2,
    "change_message": "Modificado/a is_honorific y translation."
  }
},
{
  "model": "admin.logentry",
  "pk": 157,
  "fields": {
    "action_time": "2017-03-12T10:02:34.005Z",
    "user": 1,
    "content_type": 15,
    "object_id": "56",
    "object_repr": "\u0f66\u0fa3\u0f44\u0f0b\u0f56\u0f0b",
    "action_flag": 2,
    "change_message": "Modificado/a is_honorific y translation."
  }
},
{
  "model": "admin.logentry",
  "pk": 158,
  "fields": {
    "action_time": "2017-03-12T10:03:49.960Z",
    "user": 1,
    "content_type": 15,
    "object_id": "52",
    "object_repr": "\u0f66\u0f9f\u0f7c\u0f53\u0f0b\u0f54",
    "action_flag": 2,
    "change_message": "Modificado/a is_honorific y translation."
  }
},
{
  "model": "admin.logentry",
  "pk": 159,
  "fields": {
    "action_time": "2017-03-12T10:04:55.814Z",
    "user": 1,
    "content_type": 15,
    "object_id": "37",
    "object_repr": "\u0f66\u0f90\u0fb1\u0f7c\u0f0b\u0f56",
    "action_flag": 2,
    "change_message": "Modificado/a is_honorific y translation."
  }
},
{
  "model": "admin.logentry",
  "pk": 160,
  "fields": {
    "action_time": "2017-03-12T10:07:50.262Z",
    "user": 1,
    "content_type": 13,
    "object_id": "2083",
    "object_repr": "weariness",
    "action_flag": 1,
    "change_message": ""
  }
},
{
  "model": "admin.logentry",
  "pk": 161,
  "fields": {
    "action_time": "2017-03-12T10:07:56.463Z",
    "user": 1,
    "content_type": 15,
    "object_id": "37",
    "object_repr": "\u0f66\u0f90\u0fb1\u0f7c\u0f0b\u0f56",
    "action_flag": 2,
    "change_message": "Modificado/a translation."
  }
},
{
  "model": "admin.logentry",
  "pk": 162,
  "fields": {
    "action_time": "2017-03-12T10:08:55.265Z",
    "user": 1,
    "content_type": 13,
    "object_id": "2003",
    "object_repr": "sorrow",
    "action_flag": 2,
    "change_message": "Modificado/a translation."
  }
},
{
  "model": "admin.logentry",
  "pk": 163,
  "fields": {
    "action_time": "2017-03-12T10:13:49.155Z",
    "user": 1,
    "content_type": 15,
    "object_id": "80",
    "object_repr": "\u0f66\u0f7c\u0f42\u0f66\u0f0b\u0f54",
    "action_flag": 2,
    "change_message": "Modificado/a is_honorific, thl_phonetic_transcription y translation."
  }
},
{
  "model": "admin.logentry",
  "pk": 164,
  "fields": {
    "action_time": "2017-03-12T10:23:26.562Z",
    "user": 1,
    "content_type": 15,
    "object_id": "44",
    "object_repr": "\u0f46\u0f7c\u0f66\u0f0b\u0f62\u0fa3\u0f58\u0f66",
    "action_flag": 2,
    "change_message": "Modificado/a translation."
  }
},
{
  "model": "admin.logentry",
  "pk": 165,
  "fields": {
    "action_time": "2017-03-12T10:24:30.919Z",
    "user": 1,
    "content_type": 13,
    "object_id": "1958",
    "object_repr": "teachings of Buda",
    "action_flag": 2,
    "change_message": "Modificado/a translation."
  }
},
{
  "model": "admin.logentry",
  "pk": 166,
  "fields": {
    "action_time": "2017-03-12T10:25:36.075Z",
    "user": 1,
    "content_type": 13,
    "object_id": "2084",
    "object_repr": "Dharma",
    "action_flag": 1,
    "change_message": ""
  }
},
{
  "model": "admin.logentry",
  "pk": 167,
  "fields": {
    "action_time": "2017-03-12T10:25:49.678Z",
    "user": 1,
    "content_type": 15,
    "object_id": "44",
    "object_repr": "\u0f46\u0f7c\u0f66\u0f0b\u0f62\u0fa3\u0f58\u0f66",
    "action_flag": 2,
    "change_message": "Modificado/a translation."
  }
}
]
